theta1_deg,theta2_deg,theta3_deg,r1_m,r2_m,phi1_deg,phi2_deg,rho,h_star_m,obj_star
-62.8414,32.5988,62.4599,185.886,146.4317,6.8277,-16.6921,0.7471,172.222,0.493513520114276
-29.5072,-6.2573,30.9672,75.2023,59.8025,50.999,56.504,0.5809,72.222,0.2741469006107919
-24.7454,42.4449,69.9563,61.4543,53.4451,6.9382,51.6308,0.8482,55.556,0.5301559583717891
-65.1691,-46.8828,-10.4042,135.2017,45.7254,-31.6802,34.4862,0.7681,116.667,0.555209616848305
-25.159,3.1337,69.0559,42.1349,154.8087,-8.882,3.8969,0.1828,105.556,0.2637031456578225
-45.7448,-22.6531,64.8913,146.0012,179.4138,-71.2685,-52.6981,0.6914,172.222,0.500398309056059
-61.3533,-24.937,69.7522,146.6244,54.0706,-37.6843,-75.8988,0.6275,127.778,0.6071504694935841
0.9756,33.4147,53.2526,170.3222,50.794,45.445,-8.3095,0.8515,150.0,0.45155063859702155
6.2751,25.0454,54.7658,94.097,138.6934,-78.8227,-76.5645,0.1833,116.667,0.20668655849656434
-11.9648,5.1779,34.3372,120.6229,197.8368,32.5424,8.9744,0.2028,161.111,0.06693098721780547
-29.3728,1.1929,68.868,51.9048,156.1495,-0.5519,-58.2966,0.5715,127.778,0.418869327579554
-40.4689,-7.7833,56.8263,195.1166,67.2656,80.4128,-53.935,0.1677,161.111,0.3727468130193893
-19.4847,8.4261,56.5559,53.7201,42.7549,-59.0915,-75.3258,0.4967,50.0,0.36969888937307394
3.1814,27.1638,53.8399,121.2589,191.8077,12.2197,-31.8713,0.5864,172.222,0.3139233415774349
-33.7458,42.7572,66.5867,90.051,197.8608,48.6404,72.0244,0.462,172.222,0.4130259667849018
-39.3959,-22.7632,18.2851,197.9132,171.3586,76.8706,67.0729,0.6353,194.444,0.40462084366287915
-63.0145,15.5443,56.6992,190.4539,126.5424,-1.5851,-46.0504,0.3037,161.111,0.23614911520067972
-42.2378,22.5548,56.7449,135.1265,80.7697,12.4419,-77.8466,0.4872,116.667,0.42945002955683054
-68.3381,-7.7452,35.3191,139.4652,31.2467,68.1441,-65.2146,0.1013,105.556,0.36841977998032666
-34.9018,-16.9004,26.1442,162.8055,69.871,-46.7407,-35.717,0.8364,138.889,0.3530017368099043
-55.4407,1.3037,57.0389,56.3518,82.5858,14.4749,65.3841,0.6856,72.222,0.4022473793173655
-20.6835,-2.0789,69.7772,95.9238,160.446,22.2327,68.1109,0.6915,138.889,0.4315193131317587
-25.7636,23.9952,41.4625,170.3588,112.9747,-35.3577,-26.3186,0.7247,172.222,0.318389267538318
-31.8553,-12.4292,28.4062,81.2136,122.0594,-64.7298,-50.6488,0.7868,105.556,0.37824593782887517
-53.5943,-24.9495,49.8216,122.4665,30.8863,0.6845,72.4034,0.6853,116.667,0.5131877818371073
-68.8312,-37.8955,67.5846,97.9846,193.8179,-78.9079,81.044,0.3553,161.111,0.43513682774555507
-29.0319,18.9953,57.4155,106.4771,51.9152,22.4766,-9.727,0.4317,83.333,0.2590051985399193
-60.4905,7.7203,60.0051,122.1871,174.501,-73.449,-13.1913,0.7741,161.111,0.5167791905175665
-69.7603,-34.4699,57.7772,192.0639,83.1588,-73.528,1.4841,0.2296,161.111,0.2756945884555115
1.5167,18.9558,41.2002,51.9466,75.1804,-58.5545,46.3936,0.7753,61.111,0.30999255010511484
-59.7685,-39.7075,61.2451,46.1376,129.5756,-81.4287,-46.9356,0.5479,116.667,0.5592215652881971
-59.1079,-2.0436,68.3661,66.6256,96.3627,-84.221,45.4887,0.8627,83.333,0.616393442889349
-58.5805,-34.5011,-14.7233,139.0758,116.6264,-76.2971,-10.2,0.3271,138.889,0.23675606199650318
5.504,28.3379,58.6071,147.1571,171.0651,-19.8311,-16.1706,0.6832,161.111,0.31856392804785866
-62.6792,0.7876,27.9572,131.852,108.6124,22.8354,-84.5091,0.7519,116.667,0.4160335539597371
-49.0629,26.2139,43.457,182.4423,44.4106,64.2481,-76.5495,0.4337,183.333,0.5682906873798548
-67.6199,-27.0428,42.9926,183.4093,49.8351,-69.244,-75.6243,0.577,161.111,0.5429465666086172
-60.6984,-19.6881,23.2171,37.0202,187.4374,51.1543,10.8502,0.4349,172.222,0.4905778410045596
-61.7577,-20.8812,49.7875,106.6087,51.5498,-24.6889,-19.116,0.2576,83.333,0.13937189438233574
-48.6356,-5.1477,12.1548,61.9043,145.733,23.5314,68.7334,0.604,116.667,0.4194049300673982
-44.7169,-19.9467,7.8961,50.2049,162.3757,-23.3621,-62.4036,0.6761,72.222,0.38495120632259655
-53.0561,-8.404,21.0791,187.0034,183.4681,-79.7854,-21.0292,0.6828,194.444,0.42120969700066846
-50.351,20.7616,52.9285,98.2292,133.8598,-26.3417,13.5557,0.286,116.667,0.171316117790743
-48.9174,-18.1963,44.0941,195.515,81.4915,-26.0729,15.0353,0.4224,150.0,0.3069184764134043
-64.9555,-4.6084,26.6608,57.2008,85.8277,-81.8846,-45.2367,0.5718,72.222,0.4352718698801795
-44.9235,2.3258,55.3537,72.8903,45.1743,84.1271,-36.3499,0.8006,61.111,0.4789836997568612
4.299,21.2015,55.9765,36.9043,82.2433,59.5741,-68.7121,0.2694,72.222,0.2784505737786642
-46.8928,38.8453,59.9562,33.3008,83.4953,-32.9435,43.2515,0.5618,61.111,0.4099072933483855
-53.4884,-27.487,58.4914,48.5925,67.8274,-45.4778,54.8811,0.8376,55.556,0.4478580067299826
-53.0746,-37.2315,-9.2023,67.8928,70.2195,-0.5033,-27.2177,0.3936,72.222,0.2213894793942229
-68.3801,-48.6175,33.4513,126.857,162.7843,45.837,-47.3926,0.1064,150.0,0.07962208476224268
-58.8638,15.1643,56.4429,188.9219,196.7432,-76.5899,60.0484,0.4773,194.444,0.3708478702924468
-56.8119,19.0068,61.4233,113.8811,85.4437,20.6373,-6.6472,0.4877,94.444,0.2888429178118731
-30.016,-9.7308,16.9197,158.6363,181.7751,-74.72,-31.0442,0.7431,150.0,0.3091755841212433
-39.9551,18.2445,50.436,102.9967,168.8455,-79.6414,-45.9699,0.1455,138.889,0.17791045770631103
-39.4949,-10.8372,56.759,65.8797,98.6159,46.8148,-59.7239,0.6074,83.333,0.38168035969123104
16.39,38.0792,59.3527,175.1839,161.5522,-12.4408,-41.898,0.6377,172.222,0.38912982983331346
-48.664,-30.4741,60.7183,125.8578,50.6446,39.4931,44.3128,0.7024,105.556,0.5090242785862701
-54.3999,-24.6894,8.3825,98.6082,194.1537,-16.9424,-76.0315,0.4574,172.222,0.367644940284634
-12.8749,3.7924,45.3357,50.0654,77.8313,16.2681,-20.8645,0.3082,61.111,0.18127051051838416
-51.4591,16.7045,64.556,95.6652,163.0365,78.3561,-55.4904,0.4761,127.778,0.36888048085135805
-36.432,3.46,36.0046,35.7879,183.9535,15.8984,-18.2607,0.6072,172.222,0.43140191103220715
-62.49,-12.9627,46.7146,177.2347,101.3669,-64.9235,-56.0231,0.1119,150.0,0.07161338978401147
-68.9448,-43.1039,-5.858,141.9465,191.0399,-63.0316,83.8533,0.1142,183.333,0.1295305762361244
-39.5796,-12.1103,30.7636,108.9646,89.5257,-30.9716,61.4363,0.2707,94.444,0.1614447264092934
-67.326,-17.8349,41.9926,75.0813,142.7167,-69.283,23.9456,0.616,116.667,0.4529872048691018
-60.8913,-38.027,6.8527,76.2369,94.3003,-44.2107,-9.2432,0.181,83.333,0.11527593358312586
-38.8103,17.9118,63.0764,157.6786,196.4662,84.8159,-53.9833,0.4825,183.333,0.42175112826710365
-22.2183,-4.474,55.9861,194.7306,35.0477,15.9009,80.0759,0.742,194.444,0.448928501768313
-68.6906,10.9536,42.1556,53.5145,58.3778,4.4211,-36.1733,0.2387,55.556,0.1541579412248096
-60.737,32.2299,63.7656,81.3351,95.2837,-84.2101,39.637,0.4437,83.333,0.4002877246636295
-40.623,18.4129,34.445,197.0692,139.887,-28.4229,8.84,0.1175,183.333,0.07571784706443438
-63.1434,-26.8147,-7.9435,75.6315,187.76,76.8535,-25.6071,0.3005,138.889,0.36090658743891085
-30.9637,11.8648,59.7198,96.6543,53.5713,56.6489,-24.8261,0.2204,83.333,0.1112033956397566
-53.8604,-22.9755,64.1908,53.5271,178.4616,-1.4581,40.6874,0.7017,161.111,0.5369046744450575
-65.8911,-0.0886,19.3709,150.8742,75.0437,-20.7583,-1.551,0.3789,138.889,0.19913586355973595
8.8494,37.7267,60.1261,142.7946,193.2259,-39.6249,19.8133,0.6129,172.222,0.4022535545558314
-50.9106,-30.3858,42.5582,84.7852,54.2993,-11.8067,8.9862,0.3001,72.222,0.1912110786463031
7.7795,29.9323,48.7716,39.2997,95.1636,47.3948,41.4279,0.2213,72.222,0.11070896576754853
-63.7305,16.2785,54.8908,94.2686,35.4097,-18.5167,-41.3436,0.7605,83.333,0.5161723115838155
-47.2093,-0.8213,23.2168,168.8991,39.2283,53.2397,-53.5784,0.3222,138.889,0.4085094930924316
-7.9792,38.3772,67.0941,81.5135,163.7093,83.5085,80.998,0.2148,127.778,0.2631504263203817
-60.4101,9.3356,56.4529,61.0256,196.8097,84.1718,-1.8741,0.7126,194.444,0.5360061295556977
-32.7465,-3.0966,61.026,70.4488,191.1918,-79.9625,11.9766,0.6089,183.333,0.4921641390716557
-62.4728,21.5769,68.2149,187.4303,180.1193,-1.5202,84.9878,0.5143,194.444,0.4448981106954056
10.5898,27.1516,65.1568,75.5943,96.1512,3.7267,-10.1706,0.3168,94.444,0.1819423649282224
-35.1082,26.7014,63.2171,126.917,155.8654,-65.6996,-53.9779,0.5648,150.0,0.4171364240207579
-21.489,14.8379,45.455,74.9739,128.0114,8.5848,6.3611,0.194,116.667,0.08231922503687977
-25.2455,6.5313,32.9585,108.0633,50.6274,81.5774,11.4094,0.1881,94.444,0.18997135759789385
-60.6421,-37.9091,20.8515,170.6422,140.9819,-51.5934,83.019,0.7919,161.111,0.49034513786131995
-6.0102,48.6588,69.3108,169.6655,35.8506,-62.4831,29.8722,0.71,50.0,0.5964145846303093
-11.2325,48.2569,69.1021,182.6514,57.9747,63.4844,44.8247,0.1046,138.889,0.16143568709330036
-26.8992,-3.2384,31.2748,106.7149,75.1518,65.847,-13.1733,0.8363,94.444,0.3375573416154297
-43.7603,-4.5464,48.9619,34.8294,91.6958,66.6048,80.0121,0.5321,72.222,0.4883123436823097
-63.4881,-6.86,21.5504,137.5599,90.6027,32.7933,83.538,0.3967,116.667,0.3723668315613569
-36.2862,22.3425,54.3329,167.1076,121.3011,-20.0397,78.6593,0.8132,161.111,0.46232940196507855
10.4271,28.1044,68.6034,170.3744,56.0103,-50.9152,13.774,0.3757,138.889,0.3428682551732721
-61.6226,-42.1935,0.0364,56.9883,112.4175,75.3383,34.2688,0.2673,83.333,0.34291085543768823
-56.5255,-6.4239,57.8813,189.122,118.1804,30.53,-29.0384,0.5035,161.111,0.3241909037345131
-54.8926,-19.8273,40.4628,103.7419,33.6586,-26.7772,55.7397,0.7396,83.333,0.45406254614153474
-20.2505,6.5399,35.5229,82.453,67.235,-80.8757,78.5054,0.2608,72.222,0.24717501690027796
-27.6387,3.5969,37.2352,65.8361,36.6462,56.8324,28.0069,0.4566,55.556,0.2841226508065796
-44.2096,-8.011,7.1842,150.9114,44.1778,45.3287,1.2396,0.5305,127.778,0.37766048318943823
-68.3579,-42.9223,-3.5918,80.7923,129.3073,-71.8499,66.9331,0.7592,105.556,0.5544300162318525
-33.3906,-9.1233,17.0414,101.7939,166.7512,42.5069,-1.4856,0.1136,138.889,0.06767300395177318
-44.7649,25.1361,64.2606,64.3558,183.4884,9.8694,-79.2037,0.6131,61.111,0.5633518104694961
-44.1955,-25.0876,16.3862,189.6458,57.0545,49.8212,-68.6046,0.3668,172.222,0.4727552370664786
-62.2306,-44.5283,33.3237,176.7075,101.0283,-71.1585,-69.685,0.6968,150.0,0.4938504354680543
-57.0099,-28.0315,43.8652,198.5746,33.8089,-41.9687,34.7205,0.6276,50.0,0.5061243725091755
-56.3369,-28.1077,57.0371,48.6537,105.017,66.6087,-15.1107,0.6007,83.333,0.42843471805381184
-62.677,-44.2214,-7.5038,161.3328,98.5249,-19.8817,37.0857,0.7444,138.889,0.48338729713684475
-59.4366,2.3382,66.3542,31.2064,81.1353,56.6017,-19.084,0.3063,61.111,0.2608747705087777
-10.3788,15.0203,36.2275,188.1233,177.9912,32.0976,-10.0259,0.6784,250.0,0.21632685290862522
-57.11,7.542,65.936,95.0995,57.2349,-67.3934,-75.8134,0.5108,83.333,0.4683095573965665
-40.4901,8.6524,45.3791,125.7049,149.463,54.9783,-5.2316,0.4041,138.889,0.22695070460399325
-66.8287,-37.5684,69.6122,102.48,65.8284,-14.853,45.9964,0.3009,83.333,0.2639973422130621
-11.061,18.9928,40.5355,56.2307,190.4928,-25.3956,-74.0471,0.2464,161.111,0.43576347406301413
-55.1353,12.7497,46.3732,72.7262,186.9338,84.6706,32.7021,0.4236,161.111,0.5003031929859568
-14.1682,4.7789,54.5995,159.0901,155.001,8.7766,60.5262,0.1555,161.111,0.06463850693112293
-62.8693,27.7851,54.5439,62.2387,75.598,-82.0612,-42.0552,0.5433,72.222,0.4501150455387827
-61.915,-34.5865,61.9455,148.9965,68.5627,-35.4153,75.86,0.8634,116.667,0.5800443129128461
-7.4649,23.7609,45.5939,177.6072,76.7345,59.02,-5.9326,0.6044,161.111,0.30511889967444616
-55.0096,-32.7843,61.8073,96.3639,197.5274,-35.7261,21.5086,0.1461,172.222,0.11295469069726431
-56.08,-23.8538,52.2373,90.7669,169.6458,30.0081,-5.4804,0.8956,150.0,0.4970776540308469
-5.8914,18.8443,67.6874,65.9772,79.7265,48.6686,-42.8895,0.6989,72.222,0.42970590408320003
-33.416,11.6175,68.4456,124.3286,152.0252,2.1893,-76.6406,0.45,150.0,0.3758388521865343
-12.7743,39.8393,55.692,105.9514,40.8013,13.8709,14.9742,0.7361,83.333,0.43179384176667673
-17.651,25.166,69.5498,31.0059,81.978,70.8629,-68.3416,0.3808,61.111,0.4541802072371669
-44.8002,-19.309,43.8386,55.5083,181.0146,21.3481,-37.7524,0.5695,150.0,0.3963030341444531
-2.6517,40.7429,56.3506,126.3924,196.8659,-34.0188,78.4803,0.7424,172.222,0.47711712843508153
-56.1449,-6.1001,23.7835,79.1804,130.5646,20.2162,-18.1456,0.1816,127.778,0.10241199778736067
11.0491,37.6569,54.0498,117.9185,79.994,22.9081,-14.2878,0.4367,105.556,0.2854396525494224
-66.5684,-41.8025,66.5417,165.1039,185.9568,60.5775,-63.5699,0.6342,183.333,0.5199928073554073
-52.9501,-8.7029,13.9226,178.9472,153.552,42.7454,44.5592,0.8135,172.222,0.3486891640315964
-54.0332,39.9321,64.5719,53.764,159.767,47.6647,1.0625,0.3578,127.778,0.38864872168190534
-3.9439,21.6148,50.6976,104.4338,40.7849,-47.4197,5.3002,0.6496,83.333,0.38315316834939295
-56.8795,-39.0064,27.3777,96.2281,126.1446,0.6541,-39.3767,0.1861,105.556,0.10684136170577088
-46.0944,-3.5473,50.8903,73.8392,84.9704,15.995,-82.1304,0.7598,83.333,0.45111263692880554
4.3833,28.1201,51.9946,49.5228,30.2486,76.2237,-67.8409,0.1277,50.0,0.161937891568235
-33.8719,11.6281,52.5086,108.0244,71.8189,-24.4128,66.1828,0.1632,94.444,0.12755140963976921
-29.2414,10.4955,46.9884,127.3615,59.234,53.2568,42.8993,0.8766,105.556,0.3474059297641193
-50.4431,-20.3069,59.5573,60.4206,109.9979,64.0799,-31.381,0.1694,94.444,0.1354906193440295
-46.6948,10.3796,34.2001,126.5397,95.185,-27.6016,20.6095,0.708,116.667,0.3682078489743148
-63.5988,-44.088,5.8138,55.637,32.2554,-59.1545,69.9869,0.3422,50.0,0.31620286155443794
-10.1773,46.2122,68.9803,95.5651,67.1187,78.1189,15.4973,0.821,83.333,0.5431166063970315
-43.9751,-27.2177,22.3838,140.7152,70.1583,7.096,83.4341,0.1236,105.556,0.19755432699615674
-67.6776,-25.6028,51.5557,140.7751,151.5808,-16.5158,2.6748,0.5269,150.0,0.3426398730247643
-28.838,10.0885,30.2331,97.8805,128.825,-34.9229,73.8562,0.7517,116.667,0.32961996993299675
-30.8864,3.9747,56.3647,84.5598,152.1762,-44.4135,-81.6335,0.4464,127.778,0.45006200186508605
-62.1691,-23.6906,44.7878,148.3041,89.302,10.4761,18.2279,0.3289,127.778,0.23240427426619878
-39.4496,3.3842,33.3245,161.0219,71.2794,-50.2625,32.0127,0.8229,138.889,0.3384146346666629
-54.1183,7.1401,22.4102,177.7244,141.5381,-26.5344,67.3974,0.5218,161.111,0.34309994327651683
-26.912,28.7556,67.0025,148.5873,103.377,51.3369,-61.4673,0.5766,127.778,0.43293018461014676
-50.0383,3.5653,30.0659,102.2409,59.7498,46.723,-26.6949,0.8555,83.333,0.41848429956551636
9.2516,53.0836,68.359,179.2465,108.6478,-44.627,54.3546,0.2858,172.222,0.19241339303913418
-41.0575,-9.1321,69.1283,177.2428,152.9438,30.1688,-1.7615,0.6415,172.222,0.40319504118103283
-64.0048,13.5328,28.7509,40.9677,59.893,-1.7056,37.1249,0.1472,50.0,0.09427081901226478
-6.7628,23.074,51.2227,166.2937,63.277,68.0529,47.9305,0.3143,138.889,0.29500451551485185
-42.9482,6.8624,27.0053,143.8662,179.2453,-51.8858,-46.3641,0.8523,150.0,0.3002668520586855
-55.6717,-15.4662,52.9363,45.1458,118.8592,26.7885,-49.6314,0.2708,94.444,0.25456663931985346
-62.1557,-35.7624,-10.9004,126.3809,43.7501,-79.6793,75.9331,0.895,127.778,0.49141124272140385
-49.6809,-26.7948,-7.8235,146.3149,115.9448,32.4599,47.1858,0.3269,138.889,0.21279726155054085
-51.3255,19.6469,36.3537,76.828,128.5592,-25.9356,66.6213,0.5969,116.667,0.3834679498180611
-57.6471,-10.244,26.389,142.0794,121.3385,9.8278,4.7312,0.6278,138.889,0.3096608926338807
-58.1723,-16.1629,17.7539,73.3314,90.6878,-9.2046,-41.0591,0.4166,83.333,0.2363965099198641
-68.9541,23.9432,56.3897,177.0257,98.8275,-76.6749,-40.5903,0.3037,161.111,0.32301326870109204
-40.9035,13.9091,40.903,73.9032,30.6378,-79.6449,29.2149,0.7746,55.556,0.4270601371030298
-66.9907,-37.1482,3.8348,123.813,139.8745,-55.7921,11.6883,0.1198,138.889,0.07758984279199242
-68.959,-36.0782,54.3709,34.5519,131.565,66.0554,34.6626,0.4581,105.556,0.5289350300531379
-43.9203,18.5833,54.7582,160.9176,185.1634,-29.1489,32.7831,0.7921,183.333,0.469800159019138
-45.4157,-28.1396,39.9487,117.3931,74.8703,65.1975,-36.2828,0.1971,105.556,0.16006655206492348
-64.5758,47.792,68.099,37.9315,116.0544,32.4227,31.6682,0.2414,83.333,0.25058258662996563
-61.0263,-10.2676,35.9951,164.8427,171.8465,64.8709,-45.3202,0.7426,172.222,0.4658557821490947
-20.2724,-3.8063,63.3931,48.9738,101.6757,-48.7818,-77.9042,0.7651,72.222,0.501624536587113
-39.3467,10.6397,54.6299,81.2906,80.886,-55.254,-7.5084,0.1723,83.333,0.11980522922457014
-8.9745,24.6669,52.7982,77.4114,187.7699,58.9071,-49.3704,0.266,150.0,0.24544014467855885
-23.4967,28.9291,66.918,132.7395,46.6251,37.2039,-24.1396,0.7689,105.556,0.44961696443037624
-66.8929,-27.0135,2.6705,170.9162,51.6417,53.8887,-20.6196,0.8993,50.0,0.5167604975081718
-44.8635,-12.2673,58.206,84.9235,89.1961,-28.8961,-10.9426,0.4625,83.333,0.28237940116286114
-69.8324,-12.5972,22.8605,186.4106,78.7117,41.5449,12.0272,0.6064,161.111,0.457574162929247
-22.785,16.9628,34.3274,171.1794,89.5979,49.112,69.0106,0.1439,138.889,0.19959865324481396
-19.4592,12.5378,30.5832,101.5018,118.0455,-37.9172,80.0461,0.8274,105.556,0.3708149556201129
-23.8577,-4.7566,43.7005,72.7205,34.4506,-69.0376,-72.3374,0.4531,61.111,0.353320978617633
-38.511,17.2006,39.0537,175.9216,103.2913,30.3487,-9.2669,0.512,150.0,0.2946768289658724
-55.1769,23.8064,56.6083,141.4412,75.6709,12.7262,-5.4709,0.3265,116.667,0.2393261204154953
-67.7701,16.1667,45.4649,115.4288,118.1963,-7.9145,17.8729,0.3006,116.667,0.18330666744224172
-46.5652,40.7961,64.0847,174.5409,197.0131,-78.9857,-5.9653,0.8673,194.444,0.5829494286209492
-37.7969,-4.3817,52.9554,55.4791,108.0113,75.0468,19.569,0.7875,105.556,0.44923164026100526
-69.634,-25.7802,56.7899,56.0978,87.4758,7.0126,-64.8499,0.8698,72.222,0.5882117037783834
-39.3449,-11.348,39.9782,153.0342,79.649,-54.8425,-4.7824,0.7256,127.778,0.38033050829833276
-66.9953,-38.5619,33.0043,112.8657,35.7719,-52.1825,-6.5014,0.6567,94.444,0.5083641415292827
-52.8881,-5.6055,36.6229,162.0231,143.4914,46.3761,-56.0039,0.3767,161.111,0.18574072995595078
-1.8163,18.8387,39.8484,84.4666,58.8623,-9.4181,64.7161,0.6089,72.222,0.3092518358340765
-65.0979,-34.2414,31.886,62.974,173.1126,33.9646,-52.559,0.3085,138.889,0.255464818018323
-4.9818,46.6034,61.7823,110.5068,38.7595,22.5597,83.6535,0.6092,94.444,0.5113644187504803
-56.4414,-19.4878,56.9989,178.0845,185.2675,60.7471,-57.8168,0.7017,183.333,0.36708195777742425
-31.1861,20.4695,69.6344,156.6839,112.082,48.0051,-78.937,0.3356,138.889,0.33955549831937937
-22.9126,29.4525,66.6676,72.3678,76.4596,42.843,82.5802,0.7198,72.222,0.49454424453539847
-60.4631,-13.1604,32.2942,151.5672,199.7885,-2.8779,12.3377,0.4773,183.333,0.2743269592821335
-1.3784,35.6506,65.6236,126.3533,190.4499,-62.9294,-9.0595,0.7108,172.222,0.44401777456613545
-65.2282,16.9066,59.999,98.5625,120.4253,-37.2344,-84.9202,0.1517,116.667,0.17387070275907007
-53.9136,5.4648,22.273,155.7666,59.4198,-54.2674,75.7497,0.7753,138.889,0.4182119144710344
-51.1244,-11.463,25.6149,133.2185,88.7521,4.231,61.2354,0.8423,116.667,0.38652524070021305
-58.1564,-27.8028,19.8671,140.5594,84.8558,62.2553,24.942,0.801,127.778,0.39704768409695507
-17.0814,4.9644,65.3551,85.9116,52.7181,48.0649,-7.0628,0.6353,72.222,0.41185790640358794
10.2811,45.6071,63.0932,69.0211,65.053,-1.3564,-21.0907,0.5489,72.222,0.3586146402999453
-36.9466,23.4627,48.3,62.3039,97.8257,78.69,-68.4016,0.6213,83.333,0.4629169669774041
-23.752,2.4896,57.106,86.9531,162.3358,20.7064,-6.1196,0.7024,138.889,0.3938660769981721
-20.2357,34.7927,55.0182,73.0213,55.6833,-64.2095,-67.1294,0.4703,61.111,0.34384188617014455
-13.3988,14.8118,55.101,162.5628,183.9244,69.3372,-25.138,0.849,183.333,0.40704368275448144
-23.6888,3.4482,54.5758,41.7763,34.3497,-58.6341,35.8097,0.7742,50.0,0.4134932334640801
-66.0791,-7.4595,29.0476,199.427,120.7105,53.0247,14.4707,0.4491,172.222,0.3144832997793466
-62.5535,-40.8969,4.896,184.74,134.8157,-51.379,54.8814,0.3181,161.111,0.22813810374936455
-60.0563,-1.1901,33.5665,88.2075,177.0273,44.4209,27.1437,0.457,138.889,0.3168094173238702
-56.0605,-11.5309,50.9601,197.9472,102.1306,-46.4268,62.9793,0.4637,161.111,0.3519462657595047
-28.1606,8.8289,49.2078,150.7479,133.8818,68.3025,-44.9584,0.8771,138.889,0.40446801971954294
-56.6003,-37.0631,57.3632,57.5695,146.1768,5.0561,-68.7733,0.7432,127.778,0.5455820281404944
-68.1688,-17.6648,27.2436,177.8343,181.4739,-45.7145,-16.1067,0.1251,183.333,0.08137374316117221
-64.9307,-1.7757,40.2229,196.2155,198.8239,18.9881,40.7493,0.6722,205.556,0.36494053869699306
-36.991,11.9701,45.4104,170.5072,70.4993,42.8047,-10.4907,0.4151,127.778,0.26024945772755315
-38.0032,-3.7807,29.9939,73.3639,129.8693,-66.789,-19.0294,0.5632,105.556,0.3796657768877087
-66.1042,-16.5421,51.5028,106.3603,190.5362,29.6498,0.4162,0.7038,161.111,0.4556171065607664
-63.908,-40.3205,38.268,168.0614,52.786,-14.8864,67.4044,0.5685,150.0,0.5488991193726234
-26.9673,5.4002,67.4842,93.4769,40.1686,-26.4201,-26.0731,0.8078,72.222,0.40749280945921684
-69.1886,-0.4403,34.0642,148.1479,176.1408,-43.1161,-81.1447,0.5292,172.222,0.4079300505573184
-33.4381,30.2291,62.022,88.3064,128.0218,10.9142,-54.0964,0.5056,116.667,0.3351711077098974
-67.1231,-45.9131,-20.0065,148.0075,141.3823,26.1993,37.3004,0.1073,150.0,0.08173793488276855
-65.1382,-12.4145,5.6185,124.4564,47.3594,-37.3101,62.8523,0.6574,116.667,0.48398029815478716
-61.9962,2.77,21.4163,121.2761,48.0023,-3.6979,71.6102,0.778,116.667,0.4484949561568459
-8.9965,17.1004,55.4758,108.7552,167.8133,-77.0866,-8.2839,0.5176,127.778,0.35762451762173963
-50.0435,-18.9605,16.7579,55.1067,152.3554,37.3938,43.4766,0.8916,138.889,0.4026442581026783
-47.4175,-30.9884,0.6906,148.6324,36.2379,28.5555,-67.7708,0.7578,150.0,0.4842917613570591
-35.5882,-3.6805,52.4123,122.1946,177.4334,-71.242,56.957,0.8333,161.111,0.3974616308944703
-37.91,23.4814,52.2207,176.2431,128.6957,-46.3736,44.529,0.2605,161.111,0.13476327460541523
-69.503,-52.135,63.5118,156.2334,87.1042,33.9959,40.2543,0.4362,127.778,0.37017091284343623
-26.2121,-7.4731,29.1947,49.5,110.3993,-33.0835,-5.2071,0.3167,83.333,0.12749120228146985
-66.5029,-28.2957,60.0578,190.0159,34.8452,62.7388,55.5487,0.4415,150.0,0.5121995134088793
-19.2895,12.0696,43.1299,39.1181,62.6987,10.2684,-8.1045,0.5838,61.111,0.2540397170694829
-46.8302,-11.762,35.2497,78.5372,159.1688,59.9181,66.6235,0.338,127.778,0.29105655293461546
-44.2309,-21.4959,-4.0107,50.8615,141.9105,62.4511,36.1229,0.8951,138.889,0.37627915868377604
-9.1444,16.9371,55.1064,185.3354,145.6201,-58.0922,-26.2533,0.6786,172.222,0.3721166682545519
-54.7862,-2.819,20.5126,192.9635,137.4977,-64.2736,-42.3673,0.8458,172.222,0.3670807264804872
-51.5046,5.9103,48.23,193.1211,58.835,-76.9548,22.16,0.3164,161.111,0.4691798726010582
-66.0156,-12.3356,7.1918,95.0221,52.9352,-2.7298,78.254,0.797,83.333,0.4815943541510752
-32.6092,29.191,61.0485,186.588,113.8795,-59.5777,-52.5865,0.8753,161.111,0.46536573334920495
-55.9809,-15.6345,65.291,79.4004,90.8482,-41.4,27.8419,0.1043,83.333,0.07952309552688736
-48.7398,-31.2011,5.5359,196.3828,165.2523,-62.4386,-78.8623,0.7754,194.444,0.44621863329577627
-38.5943,-16.844,1.6765,192.3133,163.4206,7.6623,64.7851,0.723,183.333,0.2948939023473125
-48.8492,-23.2633,42.2906,182.9339,182.6916,48.6953,-2.1902,0.2602,194.444,0.1254551658935972
-30.295,-5.4565,45.188,156.7629,59.0217,-8.4515,-51.4106,0.7304,116.667,0.3630578807983954
-44.8576,33.3477,68.2325,31.0535,62.2315,-72.5271,46.0797,0.8311,55.556,0.5914564360213728
11.0064,32.7011,66.4802,124.4712,37.8486,-52.9307,-67.6374,0.4745,105.556,0.4984464098059648
-49.3802,-18.9779,54.9056,52.167,105.3528,-28.2211,-67.0824,0.8827,83.333,0.5095896988938955
-61.0572,26.6443,41.7282,109.7295,130.4904,-81.0482,5.1514,0.7214,116.667,0.49591090953014305
-68.0933,-6.4941,66.5993,171.0479,90.6022,-46.2854,-30.3774,0.4001,150.0,0.37215882047147963
-63.9655,-21.7975,27.4775,36.2128,189.1551,8.7673,2.3224,0.5191,161.111,0.4805505598365857
-43.1267,-19.598,22.8597,154.6782,171.3864,5.4176,-38.268,0.6082,161.111,0.25375656713553674
-54.4907,-0.3713,49.8009,93.1873,137.2128,-84.7284,-25.7136,0.2032,116.667,0.24421653246480513
-50.204,30.1038,66.8627,169.2128,31.6113,-80.423,40.3983,0.2395,50.0,0.5323170812189464
-56.6424,-37.0946,24.3993,128.8158,42.5277,-16.8189,-66.1368,0.2657,94.444,0.33755836089768954
-64.8242,-27.1774,53.2368,125.1452,54.2834,-40.09,-73.4785,0.1534,94.444,0.238245679345754
-34.178,22.1017,40.4624,73.9394,161.9826,-13.3738,-7.5254,0.2078,127.778,0.1434036208948634
-69.792,-13.4298,59.228,54.6673,51.4288,26.1117,-41.2855,0.8979,50.0,0.5997581460902268
-32.0249,-1.789,69.3373,113.2452,129.2253,67.9531,-59.5628,0.7523,127.778,0.47638774634333597
18.1245,34.4074,58.1053,80.5963,127.8484,-81.3724,21.9945,0.2892,94.444,0.30160824498142447
-47.9852,-31.1166,9.1998,193.4801,186.4612,-69.6493,6.8187,0.1661,205.556,0.13671560868421756
-63.1956,-44.2619,10.0543,105.5084,161.2303,71.7478,-68.6831,0.1236,138.889,0.1841734252659835
-21.6663,-3.7731,67.3855,112.7074,114.2346,-64.3405,-65.2267,0.2498,116.667,0.205219220234096
-69.4463,-46.0673,48.8509,149.4877,116.3157,77.2972,26.5669,0.4189,138.889,0.405709526369314
-36.7399,-4.1214,34.2629,151.293,45.4815,30.4731,-26.1212,0.5486,116.667,0.33386643387881554
-57.6505,-40.7613,-3.5883,134.0015,149.3143,52.7369,11.2514,0.4748,150.0,0.30316231259576093
-43.8362,-9.8209,7.7024,87.4289,118.291,-16.5721,-39.2571,0.6352,105.556,0.2364175347777114
-28.269,34.5995,62.9772,36.862,189.4563,41.6356,-76.0119,0.1265,150.0,0.42891002415558654
-21.1401,-5.7815,28.1323,148.2949,104.2763,68.4297,37.6206,0.3735,138.889,0.2610307684203899
-25.9191,-9.8011,25.8856,135.6185,79.5188,70.1859,-61.7758,0.3836,116.667,0.39247402872321996
-52.3329,29.6117,61.6812,30.666,123.9393,-61.0698,6.5078,0.7825,105.556,0.5121980727634385
-54.2457,-24.7855,46.8847,40.0556,163.293,-37.2155,21.403,0.8733,161.111,0.4972808331793157
-56.3905,-12.5007,67.5355,178.898,43.9645,-63.7941,61.4726,0.202,138.889,0.41096946430825
-43.2947,-0.9689,63.8956,103.4813,146.8619,77.7453,48.2617,0.6804,127.778,0.47274155306847554
-46.5633,8.0912,52.1052,148.14,118.3483,-68.0906,18.6168,0.4535,138.889,0.3479332078911115
-22.3795,11.814,47.3414,66.2358,55.9145,4.7769,20.1097,0.1754,61.111,0.07885696004931497
-59.7702,-13.2709,58.6675,40.1765,152.1831,14.4194,61.7901,0.4927,127.778,0.44927144971039534
-58.2998,-34.8049,65.8148,150.6384,125.9966,73.1404,-81.0036,0.2499,138.889,0.27926154626743943
-51.8161,19.3431,46.8636,161.8888,55.9015,-11.8862,-3.2407,0.3551,127.778,0.33532166013265463
-19.9268,-2.2861,25.7957,97.5402,193.2049,7.6367,-0.9732,0.8832,138.889,0.31493703891832875
-68.8452,-31.7455,43.0499,38.6031,134.628,28.2272,-1.1082,0.7138,116.667,0.552526185739854
-67.0459,-15.4839,0.1382,140.9655,118.601,-6.6527,47.1338,0.643,127.778,0.36043241604345144
-53.153,-27.5581,69.4013,159.4393,75.6779,-73.6354,-36.1119,0.8077,116.667,0.5850996865100714
-25.2429,26.7004,68.6477,73.4928,161.5295,81.5424,50.1044,0.4307,138.889,0.4545317484545208
-50.9926,-34.3253,56.4281,43.7969,134.1839,-63.7264,23.2482,0.6344,116.667,0.5170081010502765
-7.0026,14.7074,56.0317,160.4668,48.4601,6.427,-14.5374,0.6394,138.889,0.386611948356834
-49.034,40.8538,63.8895,187.9013,180.6318,34.7198,51.924,0.5302,194.444,0.3394280445137072
-17.7871,24.7367,68.6421,96.8783,196.5306,-71.7763,-59.5966,0.6779,172.222,0.5376630943877047
-38.8306,-11.3016,56.784,187.1075,149.0335,-41.8899,-46.1513,0.4462,150.0,0.21669884873455025
-35.8607,19.3366,65.2884,70.9063,177.9695,-82.4439,-47.7869,0.4148,150.0,0.48442109713309894
-57.6051,14.8356,34.8375,66.089,54.7773,-19.5305,-29.523,0.143,61.111,0.08739324566506917
-40.6241,-13.1202,17.0625,93.3231,129.6769,-73.8718,-5.3014,0.5477,116.667,0.3255168612645218
-28.4584,11.5978,27.142,174.444,163.4225,-29.0653,36.9034,0.4731,161.111,0.189845506305417
-52.6897,-27.6241,26.7653,170.607,74.6364,-15.7089,-30.6732,0.1448,138.889,0.10930792906147421
-48.3167,3.798,54.1439,155.5417,173.2294,-41.9934,-36.1555,0.1603,183.333,0.09287161186641904
-63.9813,13.1343,53.3234,170.1982,58.9902,32.1796,-22.4316,0.5694,138.889,0.4700716440346419
7.3061,41.1901,66.1613,158.4583,146.9407,-69.3983,5.8754,0.7602,172.222,0.5158819128926239
-42.6547,-16.1863,25.0549,167.373,180.4499,22.9513,-31.545,0.2149,194.444,0.10296928920951678
-57.7864,-28.9748,67.389,197.3786,145.1307,63.9236,-34.5868,0.8698,183.333,0.5399378604984718
-56.2007,-34.8932,49.8134,52.8113,120.8654,76.9334,-44.091,0.6203,105.556,0.5411422343589649
-45.6238,-26.0945,40.3022,194.1346,82.9023,3.2644,1.5772,0.2192,150.0,0.15299765370762808
-16.7112,-1.2198,34.2885,166.3536,62.4743,-32.3047,24.2442,0.5377,138.889,0.3741148207220401
-55.981,-23.0963,3.0345,118.3996,180.3717,45.4252,56.6635,0.33,161.111,0.2323405314387074
-66.9347,12.1558,50.8952,131.4834,165.3123,-78.3199,66.903,0.5342,150.0,0.47051088520602474
-11.3876,32.6102,49.7487,107.404,177.7868,-84.5953,38.5818,0.7653,150.0,0.4409797700602246
-25.0544,47.6475,68.055,102.3134,50.5658,-4.7417,84.467,0.5957,83.333,0.5067168009462428
-30.2606,-14.3266,38.2236,164.5045,183.7958,-69.8279,-2.5756,0.5921,183.333,0.3657950187044415
-9.7906,30.5786,53.2965,43.6981,78.3435,-56.4757,30.9037,0.4234,55.556,0.24508205654070003
-41.1016,-9.2708,52.3608,181.502,43.2869,2.1707,-52.253,0.4351,161.111,0.4697607993058771
-38.592,0.9423,42.6391,182.2613,116.6829,33.0146,-4.9976,0.5225,172.222,0.2316747071545311
-46.6319,-24.9738,47.1656,81.089,69.106,28.4781,25.6837,0.7884,72.222,0.4009417211883964
-47.7611,-26.8506,52.3071,42.3327,91.3996,14.8264,41.1523,0.3426,72.222,0.2679960868335682
-69.8128,-45.3768,-12.4969,165.0511,115.4661,-27.4385,34.8153,0.533,150.0,0.404624897778919
-58.5409,-25.9837,3.7208,197.7133,126.915,-26.8908,8.737,0.6496,150.0,0.28216103827672945
-17.8796,13.9257,63.2357,161.3045,159.17,-42.7673,77.7893,0.124,161.111,0.11509355738729346
-68.2718,-16.9756,1.7679,187.5112,171.1828,37.58,69.2604,0.3272,183.333,0.2847491877371689
7.4804,32.9421,63.2695,103.0784,91.2959,37.862,79.5443,0.7106,94.444,0.3915209959894902
-51.796,-34.808,-9.7839,96.1345,183.0632,-14.5941,-14.2323,0.1256,138.889,0.05847989316724383
-48.4719,-31.7213,43.5357,56.7816,111.0661,-18.9671,51.5328,0.1629,94.444,0.1389016812447145
-61.8167,-0.0771,46.6992,100.3395,135.0742,-30.2222,-70.0919,0.7101,127.778,0.4286738962572059
-55.9692,-0.7957,68.5478,99.2386,119.8163,-39.0831,51.5715,0.2376,116.667,0.19216519462331857
-61.9084,-40.7138,66.5157,114.7068,46.8691,19.9333,12.3612,0.6124,94.444,0.5166009329558363
-53.3673,16.4192,38.1941,191.2496,161.0528,-63.7162,-17.4922,0.3013,183.333,0.18497424437645635
-54.01,-23.6282,14.2277,134.2807,92.1921,45.0244,55.7865,0.2451,116.667,0.17365379391267197
-58.5494,-17.6273,11.2236,34.6354,108.1551,49.0511,24.9967,0.3207,83.333,0.3339691553801824
-48.5089,12.1424,61.0898,115.7875,85.1281,37.636,-20.3075,0.3892,105.556,0.2568677530480283
-35.2999,-1.6614,18.8205,39.7726,159.1868,34.8152,12.5525,0.6904,150.0,0.3570423956065758
-47.1061,10.1853,26.6088,178.5094,73.4032,-34.701,-39.1566,0.2091,138.889,0.15060241272197292
-48.0488,10.6553,40.5541,156.7923,141.4007,72.7328,-41.7956,0.723,161.111,0.3741866737983707
-63.5976,-26.3169,58.112,199.0208,195.3569,-79.465,-7.1998,0.1889,205.556,0.1995096122423439
-43.3368,36.0712,55.5983,124.1029,57.932,-2.7093,-80.5549,0.6718,105.556,0.5301338426439743
-38.9439,1.5467,61.9285,134.9603,104.5783,55.3104,33.02,0.5088,127.778,0.291135612205762
-64.7791,-14.3958,48.2053,109.4189,169.5851,49.1449,-25.2012,0.4332,161.111,0.26781117529623566
-23.8324,18.9174,58.3216,86.4444,40.6077,-45.0454,-14.1738,0.8783,72.222,0.4554304956536581
-58.9126,31.0728,57.0904,169.5702,189.9206,70.8826,-11.6657,0.373,183.333,0.28761509772923105
-40.7905,-1.521,60.3072,178.474,165.0258,74.2573,75.6649,0.3833,183.333,0.2889933789028572
-39.7242,-6.6189,18.9002,163.279,33.7593,-10.3256,77.5969,0.7576,138.889,0.3737416273101962
-49.5856,-12.3771,63.0429,111.3718,154.853,64.2447,-8.6936,0.6305,127.778,0.3399911459948692
-47.0226,1.6453,50.8786,137.15,157.254,-27.1405,-75.3446,0.4243,150.0,0.36567137798199834
-63.6311,-22.0641,55.4472,74.2851,48.2572,-17.8655,-24.6631,0.4685,61.111,0.26721474576947485
-50.6684,5.4542,36.0385,87.0697,106.9204,-77.0012,42.7733,0.5907,94.444,0.38261887982740905
-23.3018,12.6073,30.4527,70.5768,195.9643,-42.2754,-57.1094,0.6735,183.333,0.4084810699747604
-30.9288,0.4113,57.7983,118.704,141.7239,45.8378,34.3461,0.1643,138.889,0.10870299752189223
-64.268,-31.358,45.0316,99.9045,166.6924,66.5903,-3.2603,0.4821,138.889,0.4359149980412129
-19.1821,9.1866,66.2497,126.2808,87.3255,15.2986,-28.5705,0.3504,105.556,0.20006324961984615
-68.2964,-11.5073,50.3701,149.1179,141.967,-84.2683,-40.8378,0.1803,150.0,0.18362240017734693
-50.9739,-3.1367,42.0021,95.6979,38.1955,76.7344,53.4676,0.8808,50.0,0.4569391105533113
-68.7878,-34.555,7.6186,102.9452,191.2967,1.4641,8.9863,0.1941,150.0,0.10428667025450786
-44.8168,8.3304,31.3898,135.3908,61.0769,6.8733,-55.5255,0.3363,94.444,0.19336088239362595
-62.8723,-22.7427,1.4669,106.2551,32.3561,47.2766,-71.0331,0.2261,83.333,0.30672358931266924
-6.369,36.5416,60.1223,99.7516,111.4978,75.1375,61.8078,0.6244,105.556,0.3675565756567937
-49.304,-33.5392,32.3435,92.6441,147.9492,-73.2486,1.3383,0.6206,127.778,0.4627931993883008
-22.5498,23.3948,51.5702,198.8324,114.9095,31.3754,-72.0226,0.3707,161.111,0.306907444638115
-33.6619,-11.5582,19.7526,159.6034,63.4548,-21.2454,-18.7354,0.6838,127.778,0.30933365347959707
-54.1269,44.6989,62.9733,127.9735,169.5996,-12.3696,-82.4018,0.2071,172.222,0.2424346520621708
-59.8678,51.5166,67.4518,91.5984,126.8397,-76.3983,-70.0955,0.19,105.556,0.20864000053901618
-66.1009,-48.6817,44.4272,115.0227,66.2495,51.6246,-40.0715,0.3009,94.444,0.22650911037857896
4.1281,32.2461,54.7709,63.2096,103.6409,-31.4477,20.372,0.7174,94.444,0.4172804706604668
-16.282,15.1736,31.6859,125.0758,141.9274,-75.7999,-2.6976,0.6215,138.889,0.37301369297917636
-64.5031,-13.8334,59.5186,85.3469,175.4611,32.1481,32.3876,0.2787,138.889,0.20698310295495384
-61.4754,9.6492,44.0836,173.1381,39.5367,-20.4088,-20.6373,0.1316,116.667,0.2116470033213864
-59.9895,-37.4147,-15.2208,118.242,194.7163,82.4228,-67.2499,0.5371,172.222,0.43572204666694864
-28.1209,22.2059,61.2786,52.5251,107.4378,83.6865,52.3915,0.4185,83.333,0.4122823803458051
-51.0753,-31.6444,16.7469,157.3794,116.8355,80.0142,26.654,0.3293,150.0,0.31369029224809253
-31.5178,22.6459,42.469,149.3596,128.4408,-38.2083,53.9655,0.6442,138.889,0.2953768094813322
-50.8495,-14.4353,57.3956,85.3073,32.0844,-15.4011,47.9078,0.3108,61.111,0.20251437233469455
-69.3713,-34.9846,-12.476,147.2287,184.3791,35.9408,-37.9406,0.5845,161.111,0.32984870046451553
9.8994,43.6259,58.7503,105.1216,154.8673,12.5319,4.8638,0.1416,150.0,0.07164216327048802
-47.5715,-3.0697,24.6196,123.3823,106.5872,-40.1947,26.9358,0.3687,138.889,0.14005775942027052
-29.9989,-12.3912,49.8534,65.7166,148.0086,13.0026,13.3095,0.3457,116.667,0.22384567904000505
-2.1811,16.2628,37.4506,83.0004,130.1518,36.4561,58.1157,0.3258,127.778,0.17998563115542107
-42.7365,-0.2777,58.5137,42.8678,51.3956,37.3841,-59.1768,0.3913,50.0,0.2868487438039941
-50.4648,14.3465,57.2273,121.6705,119.5149,-49.8587,18.3275,0.1564,138.889,0.07942508578518435
-23.6161,19.2033,35.1783,134.1836,59.3984,-8.8831,9.8758,0.2637,105.556,0.20266173546395988
-24.6768,-5.3071,68.6171,101.3656,37.0991,-41.7027,6.6367,0.4654,83.333,0.4105250298971554
-61.426,0.1535,21.5624,44.7232,81.9097,1.8143,-29.3768,0.3163,72.222,0.16034945697120442
-37.2169,-5.208,64.5988,149.4255,180.1834,36.6262,67.5084,0.2096,172.222,0.14707247450066924
-55.0121,-36.3874,68.4149,79.6271,183.8292,-60.0332,51.8331,0.6275,150.0,0.527006750917118
-42.1545,11.3372,36.3577,118.0477,139.8317,-5.0851,-64.1346,0.1444,138.889,0.11706398007036924
-65.7651,-42.7213,25.2005,171.4326,171.4623,-26.6338,-32.2399,0.8518,172.222,0.5244979067261568
-14.4113,43.5664,66.6374,149.1722,136.6818,43.6505,42.1195,0.8609,150.0,0.48988168476379224
-20.8642,10.1866,32.1075,170.79,140.1921,14.7663,-58.4074,0.354,150.0,0.1666188973242495
-54.4098,17.0237,45.1089,94.2273,103.5601,-32.1195,-52.402,0.644,94.444,0.3408870520094987
-48.1736,50.2229,65.2477,157.7308,197.9548,83.8831,70.9133,0.194,172.222,0.20336945226959063
-31.4994,14.5625,62.1591,96.3707,195.968,56.6012,51.4616,0.6007,172.222,0.33141593303765005
-57.9121,-33.9605,43.2052,142.7161,188.6553,-26.0963,-45.2495,0.7103,183.333,0.414210804372374
-61.025,-36.895,53.121,47.2742,34.7101,12.245,22.0297,0.3191,50.0,0.21497038644846392
-61.7675,0.5349,16.4984,113.6494,33.7797,45.7487,-66.242,0.5301,94.444,0.4216106511424246
-42.1417,-17.7661,65.2013,173.9349,133.454,56.391,-7.5747,0.2983,161.111,0.19797179069009965
-39.2719,-3.6832,55.0673,77.4303,142.7245,-22.6441,63.6631,0.4772,116.667,0.32712220187110674
-57.1009,0.3214,39.5372,187.8148,88.4503,-10.4873,-72.9776,0.6487,161.111,0.45153907272279376
-59.5643,14.2568,44.883,99.1113,92.5136,9.5428,58.6524,0.1735,94.444,0.11342522631419147
-38.5862,-7.5886,10.0171,181.2505,179.0518,12.7357,48.5301,0.3061,183.333,0.1426788069178851
-14.6138,10.2776,38.6884,101.3143,163.4202,-72.318,-59.4368,0.592,138.889,0.3680228611160971
-69.4653,-26.1439,69.2764,33.2088,99.9123,-71.39,-29.089,0.6703,72.222,0.5848026027712185
-22.5098,16.5525,34.3634,35.8865,182.8395,-73.4994,36.112,0.3394,138.889,0.42470042287201165
-65.3333,-49.0584,30.5712,43.4406,160.8526,73.1883,20.1767,0.2781,127.778,0.4875963051840548
-17.3613,3.1243,37.9174,93.2545,97.0197,5.6499,-54.6248,0.5998,105.556,0.2532755137522962
-56.6263,16.2834,40.1257,132.7734,172.8509,83.8175,49.9141,0.6274,161.111,0.43568805206856975
28.1641,43.485,64.3033,85.4728,123.6867,83.5853,53.7253,0.3188,105.556,0.3224738503436434
-60.8447,46.6449,63.3614,154.131,79.9779,53.0587,-7.4004,0.5821,127.778,0.44406108807146927
-11.8671,18.9458,51.0529,157.7129,132.5996,-53.4435,-29.7689,0.1872,150.0,0.12308009228333534
-68.2216,-5.3048,10.4825,151.7133,190.1524,79.7678,47.997,0.7175,183.333,0.4731497823174761
-27.9065,19.7717,53.4202,88.2311,31.7578,-67.2088,-46.1965,0.8672,72.222,0.479880749368444
-39.3509,29.8415,65.4115,52.4196,37.6723,-29.5887,24.0906,0.274,50.0,0.16681855037202656
-48.5119,-13.746,31.8834,42.254,176.0751,-4.8227,1.7194,0.8077,50.0,0.4531954317435781
-42.6984,24.4905,43.9738,71.3242,144.3738,-32.8559,-48.648,0.2434,116.667,0.1709177390937962
-28.3729,5.2401,25.2527,139.8359,69.3138,52.4135,-67.3391,0.7276,127.778,0.36402397851632873
-33.8229,-11.2823,30.7637,115.3292,158.5497,-77.4382,72.9764,0.6787,138.889,0.41104890234454494
-35.3842,-17.1641,11.1922,141.8348,91.1024,82.9554,40.1295,0.5256,127.778,0.386820935318682
-25.9321,-7.6558,45.3744,164.9549,121.292,10.497,14.4454,0.6703,150.0,0.2941588508994265
-3.234,23.3117,64.6531,65.4999,174.069,-30.6637,-0.8645,0.8283,127.778,0.45799703974205375
-10.7739,38.3438,59.8322,116.486,126.3952,-79.6084,-30.4135,0.7506,127.778,0.4929578969019384
-49.792,-7.6327,37.1541,43.6297,126.5835,-63.8699,62.45,0.396,105.556,0.46482034808777606
-37.1978,-1.3554,16.6244,199.7403,120.522,47.4245,42.927,0.2739,172.222,0.15285251002036923
-26.3876,2.3451,45.2962,104.5256,147.6392,-68.4413,75.8709,0.4327,127.778,0.4000588613231739
-19.3134,13.0923,60.8631,197.7441,173.2001,-32.3415,83.3009,0.8066,194.444,0.4456360523412234
-32.0067,-3.718,17.5024,141.6606,199.1809,61.0299,58.0465,0.4656,183.333,0.23877301992338024
3.795,21.5475,38.4205,55.4751,44.168,15.1569,-74.8105,0.4651,50.0,0.3057311944892997
-35.9679,-4.8368,27.4607,199.8369,66.4718,18.2068,-25.6679,0.4402,161.111,0.3387272411940192
-49.6487,10.4284,34.5665,149.7508,87.1205,31.4668,59.4419,0.4294,116.667,0.24954715596380211
-60.0337,-28.3396,3.03,195.3474,95.2271,-43.675,-11.0508,0.3694,172.222,0.3179226127972109
-19.8143,0.2543,28.6237,166.8896,104.8146,10.8666,-45.9926,0.5232,150.0,0.2749378519659858
-62.5925,-22.2911,30.5939,178.4979,93.5168,54.655,45.4359,0.6894,150.0,0.44869961078517717
-48.5213,-6.6643,62.2348,132.5279,169.7299,3.9527,-12.6415,0.8817,150.0,0.4792140596716304
-9.6647,26.77,65.8388,132.3176,187.2212,-7.2016,16.1128,0.5251,194.444,0.28571959979317085
-24.2112,-3.9769,41.6856,69.6878,87.8915,21.8001,53.0323,0.7647,83.333,0.33125428392550477
-30.5141,-3.039,13.8955,84.182,179.7533,-65.0004,-69.9513,0.3971,150.0,0.32398947396236083
-67.72,-32.5649,58.1291,148.5533,176.0788,48.0925,48.5277,0.2074,161.111,0.14048165170743634
-66.8134,25.0719,51.4906,189.6013,127.0126,-30.6154,-8.6011,0.2637,172.222,0.1833477171734356
-60.186,-36.0111,1.0428,189.9613,161.1425,57.3585,-63.0069,0.889,183.333,0.44818826530009825
-51.0082,-2.5094,29.9855,157.131,134.8405,6.8195,61.4646,0.1673,150.0,0.11097534325353446
-22.3375,39.4926,55.0779,114.3593,38.5227,51.5108,-31.0492,0.3759,83.333,0.3007373243154275
-68.3012,-8.0425,47.7156,59.3624,164.791,-78.2599,51.0584,0.4817,127.778,0.4327055286568528
-55.2677,-11.2971,40.774,163.976,140.2399,-24.6629,56.0202,0.8115,161.111,0.43579071945328224
-62.563,-44.6971,5.8693,153.7904,162.4935,-15.6901,-4.2728,0.1594,161.111,0.1063259874606358
-12.551,52.3206,68.9001,89.7076,46.5028,-13.6544,-45.2806,0.8539,61.111,0.523151666630152
-61.299,-16.3852,39.1192,71.8646,109.7433,71.4711,29.3474,0.8817,105.556,0.5061439702630732
-49.0105,-33.6182,60.1285,31.665,146.4848,-20.1677,-30.2068,0.1896,105.556,0.3007314822475484
-63.2909,-29.585,-7.2743,166.3904,61.5877,69.3749,-6.578,0.7025,138.889,0.4458254681170976
-65.2369,16.7222,68.4092,195.7082,122.4518,82.1515,51.2065,0.2155,183.333,0.2729069892236256
-68.3328,41.2173,56.3398,140.7961,141.8122,-53.1482,70.0033,0.1808,150.0,0.1840471305983517
-29.8208,-8.1376,42.6296,108.698,144.6332,-41.3754,-45.2861,0.5944,138.889,0.29485954756980554
-19.3201,14.5597,40.8858,102.1849,91.569,-84.6073,35.6608,0.581,105.556,0.30475351947501417
-28.7605,2.0587,67.3159,75.7049,175.2156,29.263,-28.9353,0.7648,127.778,0.43678207908976074
-49.0469,30.5495,66.0493,153.6193,180.1224,1.4112,83.512,0.866,172.222,0.5473540503973822
-65.8252,8.04,66.8847,47.1921,101.5934,64.7893,23.9426,0.7617,83.333,0.5978871570327556
-64.0481,-24.2988,31.162,187.8734,82.7865,-12.0461,-34.1118,0.6006,161.111,0.42158560498475356
-66.7614,-49.0424,15.6759,40.8353,162.7335,60.7181,-69.676,0.3937,150.0,0.5328141050445778
-52.5882,-2.291,54.8215,145.3176,86.2425,-77.6836,8.6587,0.7128,116.667,0.5038434274306581
-57.6571,37.0779,60.6759,146.2486,98.8416,77.7248,52.432,0.7422,127.778,0.5338702729300696
-68.7752,-44.7712,1.3017,82.8502,130.098,33.8567,-13.3094,0.2785,116.667,0.21906331776055146
-5.3179,31.3956,69.1435,75.2844,166.4641,28.4717,69.2567,0.5744,150.0,0.35655111829877184
-66.84,35.4394,63.1129,194.8246,163.2392,-27.8356,0.3249,0.315,194.444,0.2385366027436782
-66.1499,-45.0546,-15.501,37.3131,173.0803,-11.7777,60.791,0.856,50.0,0.5719061093064948
-52.9739,-32.0146,13.9315,162.3838,135.7291,70.8159,62.3901,0.8355,150.0,0.4464605262029286
-32.8028,35.6803,55.0348,146.781,74.6302,-47.8227,-77.6622,0.1929,116.667,0.32243896001072536
-63.4222,-48.0394,14.5974,136.6305,121.0107,-27.6569,-37.0487,0.7212,127.778,0.43470184610157414
-67.0455,11.8391,64.7543,90.4475,168.4525,-79.5744,20.6457,0.4339,138.889,0.4477350372185245
-62.7239,-46.2574,53.2742,121.2279,30.4977,-59.7049,70.8961,0.3993,94.444,0.5113659831793154
-20.1331,46.8606,68.6009,102.5159,59.0522,-71.9238,16.2331,0.2782,94.444,0.2938651531790752
-44.9366,24.5063,42.2829,144.0738,105.4495,71.2727,-62.9049,0.1466,138.889,0.21520102824686288
-65.9493,-29.1969,44.9576,85.2891,191.4657,-57.998,19.3896,0.4568,150.0,0.35573483052976357
-44.9007,35.751,62.2468,148.7699,43.597,33.1118,-59.8912,0.8337,116.667,0.5409434602022676
-41.6671,-3.7014,43.1921,195.9514,108.1361,69.3394,33.0892,0.7863,150.0,0.43435969535849744
-65.514,-43.9764,-28.5645,48.6134,126.4135,-53.6553,-56.37,0.4846,94.444,0.38556467434166836
-50.1909,2.6554,43.8029,164.8469,128.101,2.9965,-47.8663,0.8146,127.778,0.34840567863056426
-35.3239,21.9672,58.1169,190.9801,195.0788,25.1574,-43.55,0.1786,205.556,0.09317897586529356
14.271,46.9696,64.771,167.3954,173.52,-53.0274,-37.4843,0.7202,172.222,0.48004515790408436
-64.9881,31.8693,48.9715,100.6859,104.8912,38.6298,-70.586,0.2696,105.556,0.18259864791356417
-36.3541,-7.0311,69.4099,91.3997,52.9755,19.2839,-67.2584,0.6043,72.222,0.4852539147271374
-59.2227,23.0568,61.5407,106.4415,108.5566,82.1805,16.7758,0.1458,105.556,0.1617376834499035
-66.0991,-41.9302,-14.4267,89.8484,155.5439,-45.6509,37.2052,0.7842,138.889,0.4813963924379005
-56.7263,21.1393,37.5059,111.9103,162.8659,-14.3532,-83.2533,0.3433,150.0,0.3293088894063557
-29.4565,37.3028,66.0766,196.2529,51.6661,82.0689,-13.0491,0.6103,50.0,0.5438352706725041
14.3504,39.3591,66.4945,143.3719,195.5995,74.9025,57.848,0.7249,183.333,0.43776638228326165
-22.3298,12.2347,50.0819,142.7376,142.4794,-46.4032,-62.2369,0.2096,150.0,0.1557710521663486
-50.6915,-29.5345,61.1841,146.354,172.3777,-29.0564,-65.3409,0.8146,194.444,0.488129378392002
-39.0812,19.7775,54.5332,48.3337,182.6845,-55.4106,-22.8343,0.2201,138.889,0.3990911701193433
-69.0672,0.3635,45.483,101.3583,171.0225,77.1253,-23.1555,0.497,138.889,0.4504723902051704
-40.1395,-13.0561,63.6987,58.6519,31.819,36.2992,-40.287,0.7188,55.556,0.39934403102379984
-13.0811,3.5327,40.4098,158.8392,71.4911,3.6765,30.8751,0.6402,116.667,0.27272838414758666
-66.7728,7.663,26.5456,65.9542,52.102,-40.1735,63.211,0.7861,61.111,0.4941770125797559
-44.0885,-24.153,42.0079,117.6455,194.2229,-69.9356,35.3771,0.804,183.333,0.43706926031737414
-67.9838,28.9756,46.7743,138.9878,110.4967,-62.295,20.6436,0.3122,138.889,0.20893260855311138
-54.2926,-21.5198,44.0917,93.6791,56.4436,68.1854,-11.3807,0.35,83.333,0.3095321208137241
10.6159,32.939,66.7026,48.9368,174.0868,-17.9763,44.9703,0.3495,138.889,0.4442498384221634
-60.6092,-17.8583,31.6554,125.5675,103.1894,12.4185,8.6971,0.3858,116.667,0.20298533709863864
-19.224,15.0273,34.2746,184.4607,116.0356,-47.2396,-35.1005,0.4867,161.111,0.29470860414275435
-55.0118,-28.4326,32.6771,30.9263,106.9472,72.2331,41.2497,0.2582,83.333,0.3801387964841414
-46.056,-7.2676,23.743,188.816,84.9187,52.8461,62.3214,0.1084,138.889,0.12549472755630733
-24.629,-4.3941,47.0898,73.5332,149.3101,-77.5204,-57.1601,0.8836,138.889,0.39122175920375934
-65.885,7.6753,68.6131,107.0878,114.9847,-80.9543,-35.3948,0.2522,116.667,0.256850150088801
-31.8446,-5.6507,23.5731,186.9872,118.1877,42.8248,21.8311,0.5857,183.333,0.2402055970385874
-17.2442,15.2663,68.0431,170.4858,57.1892,51.7863,20.2134,0.8675,138.889,0.4870522161058671
-18.3402,12.565,54.2995,54.6185,31.1612,-0.7751,37.4456,0.8167,50.0,0.393681041709072
-52.7975,13.9721,37.8792,122.8663,81.1751,-5.4606,-33.0275,0.294,105.556,0.19025271890943807
-8.2889,30.6204,69.8813,152.0987,194.5046,67.5025,63.2719,0.5588,183.333,0.3249513119504494
-50.2583,30.6947,49.1127,86.8537,61.9197,-26.7373,-50.4907,0.5236,83.333,0.3059923528856094
-66.567,-39.7172,26.7203,70.8272,160.1104,68.5223,-19.778,0.1561,116.667,0.2437432867638775
-30.1761,-7.4314,16.5251,40.6036,65.8684,14.375,-2.0502,0.2885,61.111,0.08224190174116987
-22.8145,38.8257,55.6223,161.6843,139.4331,-23.0881,45.8899,0.418,127.778,0.21283058240296562
-56.7667,-11.5662,11.2168,74.8291,188.5296,-35.1714,50.9547,0.1462,150.0,0.1760668092863822
-52.5044,-19.8977,54.1197,166.9121,90.2239,59.3403,-27.3753,0.448,138.889,0.27346812629151407
-66.8542,1.871,53.6925,105.4031,36.2894,-1.8933,84.4852,0.778,83.333,0.5262572559442088
-27.5745,-12.525,34.6778,58.1262,129.179,59.69,-82.5145,0.3577,105.556,0.4519224952340919
-60.6464,-29.2151,12.6537,106.4371,92.874,22.9679,28.7335,0.3138,105.556,0.17820624930838955
-59.6242,-17.4037,9.177,135.4306,184.6005,72.9697,52.2561,0.8569,183.333,0.46238216730938564
-46.4944,8.6817,69.0437,49.8155,198.0565,4.686,10.9285,0.7608,150.0,0.48484688684797084
-52.7605,-10.6179,36.6515,42.3252,124.6745,81.9521,3.4448,0.2027,94.444,0.38635078735681916
-7.5674,27.2536,52.873,73.0304,68.5267,71.6513,-23.6013,0.1907,72.222,0.16775679600662216
-68.7135,-35.4022,-6.6787,81.2452,54.32,-31.7871,24.8778,0.7366,61.111,0.4180999809676426
-55.522,-27.1936,50.7625,144.8259,192.0921,-40.219,-25.1896,0.756,161.111,0.4311494996618784
-54.8184,-25.1102,22.6341,197.4442,164.4155,44.1392,-39.812,0.5592,183.333,0.34477569125321206
-66.8722,-9.9201,18.6834,52.0409,153.7653,-77.5681,-57.6594,0.1469,116.667,0.2911988791333534
-46.5496,18.8604,39.9277,47.6893,59.0377,-39.977,18.0494,0.4849,50.0,0.21341877027414854
-42.6604,-23.5205,10.6256,105.6404,48.4232,38.7596,78.7334,0.5409,94.444,0.42496784630643364
-34.5074,4.0429,64.1346,44.0738,84.1937,13.2425,55.4111,0.1459,72.222,0.10311812730196308
-60.6801,-7.1609,32.5755,125.7296,100.7515,-16.4079,-65.8987,0.1615,116.667,0.09159655815642716
-31.9967,2.1062,65.6999,62.6099,47.5869,-6.2434,-0.7761,0.6615,61.111,0.3381363221633933
-29.5946,12.5786,28.3515,166.9584,157.9941,-66.5768,62.3291,0.432,172.222,0.32444321471024873
-52.7072,6.9313,44.4149,190.0611,149.1823,-32.6925,66.7498,0.4788,172.222,0.3617139959243904
-53.5497,-37.7571,9.9625,151.6907,108.46,-1.5552,-3.1378,0.2386,138.889,0.1404627358149006
-67.0107,-47.8177,7.6021,90.1823,165.6454,-5.9721,-54.3938,0.6668,138.889,0.44535535561256057
-44.1679,-28.5206,27.671,110.9373,79.9131,40.0332,-67.8862,0.6299,94.444,0.43747112916496983
-46.9697,22.439,65.4046,139.436,82.6606,-22.6198,-81.7047,0.6289,116.667,0.49756642052291206
-0.9827,31.966,59.7489,80.0708,128.4123,76.5929,-36.4067,0.1371,105.556,0.16035384849026385
-28.7773,45.8458,65.2918,148.3799,73.9881,-43.4765,54.6413,0.4357,127.778,0.3586651769754186
-41.104,12.9517,45.3599,41.1684,114.5362,31.5418,-78.2753,0.7882,50.0,0.4675522513553727
-34.9951,19.565,62.5059,124.5316,185.1227,24.9076,-38.4254,0.3625,161.111,0.18338562261588467
-21.2708,34.4065,59.6825,83.8491,144.587,-54.1424,-77.845,0.7661,105.556,0.49968760754179053
-54.3409,-24.9404,54.1636,198.1569,107.5275,-57.9766,-41.3158,0.2375,161.111,0.1938302597733791
-25.7443,-5.1485,55.5422,58.6041,124.1897,-1.2147,38.4032,0.8858,105.556,0.39232645358387064
-37.7588,-9.1351,44.7152,42.6138,148.216,-51.9308,53.6644,0.8741,138.889,0.4204066411175247
-31.1915,-3.6741,60.364,69.8241,56.8697,-36.2651,-59.7798,0.5575,61.111,0.3038984823695253
-49.9613,-10.6519,58.1864,108.4397,74.9853,38.6583,-73.4634,0.8186,105.556,0.5325558388447709
-61.5536,6.86,30.0456,121.6447,107.3397,-4.3268,-6.899,0.1005,116.667,0.05451298298168653
-58.1648,-41.6261,5.1227,183.4567,59.795,-54.3309,41.732,0.7499,161.111,0.4888297180909761
-57.4834,-3.1807,48.7627,105.7958,153.876,-51.9618,-42.3165,0.5237,138.889,0.32032367633041847
-42.0407,26.063,46.7871,123.7293,165.1341,20.54,45.4941,0.1038,150.0,0.04619322360284498
-33.9473,14.4698,39.565,135.8966,76.4786,65.8785,78.7865,0.215,105.556,0.24835178089314836
-46.0757,-12.2126,38.3755,197.1885,130.9497,-44.254,-60.724,0.8116,161.111,0.3856017171578964
-17.486,18.6155,37.56,66.6414,31.6423,-14.0395,56.2745,0.7054,50.0,0.3203301821045639
2.3607,25.8063,44.4051,47.9531,172.9956,79.8159,84.8484,0.588,161.111,0.5035460455104906
-45.9067,-20.1745,48.7446,87.7784,191.7239,69.4134,61.0134,0.5982,172.222,0.44142366833113245
-17.1255,23.649,60.4095,98.8567,110.2137,71.2839,-56.5133,0.5648,105.556,0.3655369215607408
-50.5407,-10.5405,23.8051,187.8125,61.6386,8.5294,-19.8447,0.2553,138.889,0.28725981991585614
-46.4979,8.4315,34.1062,77.7975,159.3963,18.2903,76.1178,0.6076,127.778,0.4324431145367722
-52.3996,7.517,61.8507,168.22,76.7669,-24.6992,19.4201,0.4342,138.889,0.3477504497475128
-10.2279,10.2467,58.1374,30.4781,49.0047,36.7853,27.0344,0.7222,50.0,0.3679854436508899
-34.9879,-12.0992,58.4218,178.1123,78.9506,-13.9683,-37.9792,0.6093,127.778,0.26556614647246446
-62.7594,-27.0075,41.1788,104.216,38.6891,-16.1006,-30.0089,0.4671,83.333,0.32230757881165895
-44.9534,8.9015,42.454,102.1448,69.6962,19.2848,56.9031,0.3375,83.333,0.2515280470971095
-64.9171,-17.8691,11.2351,62.4474,197.9091,53.7439,-78.0094,0.7836,183.333,0.4946361354685339
-54.1554,-7.2104,60.6582,63.8614,93.7163,-1.4111,-66.0891,0.4719,83.333,0.30721472338286027
7.4327,24.1895,64.0951,50.4066,189.7624,82.5754,14.0919,0.2362,150.0,0.4375243248735168
-64.2881,-7.254,66.1649,115.1426,40.9231,53.962,-26.2752,0.6086,94.444,0.5332374393517103
-69.5307,-50.7392,27.2897,162.1203,118.2275,-60.0377,70.5731,0.3402,138.889,0.3336741295271973
-26.2854,11.0135,26.0656,159.784,39.7325,-62.7341,-63.1595,0.1399,116.667,0.29592488701055397
-51.7065,43.5272,68.869,127.2977,42.6471,-51.3439,-80.6771,0.1386,94.444,0.3275080098867001
12.2719,42.435,69.9434,61.9697,42.598,5.9179,84.6823,0.4736,50.0,0.3677413836885818
-66.8747,-18.4473,67.2563,182.9167,116.4592,51.4135,31.3595,0.3392,161.111,0.28738864337823977
-48.0496,-12.9482,44.8218,176.6136,132.2286,7.1177,41.3927,0.2972,172.222,0.1473147744274841
-21.6926,11.7734,35.337,135.2965,137.8585,73.1584,-13.909,0.1807,138.889,0.13819484010570712
6.3731,23.1761,60.2828,83.4271,115.0761,-69.5289,-10.2575,0.8778,105.556,0.4806937620255212
-61.5741,-22.3328,14.5714,175.7746,123.6231,-14.9622,33.8928,0.7664,161.111,0.3877388097425324
-54.0025,16.1392,41.9337,185.1094,42.7653,-52.3946,23.1604,0.4948,150.0,0.39331942366870465
-45.4729,-26.3549,30.8901,115.1993,162.7033,-62.1404,-62.9543,0.5185,150.0,0.3417175719743018
-66.0592,38.3457,66.1937,111.0496,50.9497,39.909,50.5311,0.6773,83.333,0.5511607464101276
-62.6596,21.9876,42.099,80.4414,50.5298,46.3911,-2.6005,0.5449,61.111,0.32957203388461564
-49.3719,15.5919,64.3348,82.5808,75.2282,70.4084,81.936,0.4879,83.333,0.3589795026542861
-62.118,-44.292,69.557,83.3294,98.4415,-6.7706,-62.8569,0.5881,94.444,0.47099208543904686
-66.9046,-50.4561,22.9752,111.2469,41.1064,-24.6947,-11.0681,0.5384,94.444,0.44750861898937483
-57.2526,14.5496,30.0237,58.9697,195.2038,46.1742,-70.577,0.8761,194.444,0.4790615276027968
-46.1916,8.7576,40.4262,99.4665,61.0829,18.6537,-37.9259,0.397,83.333,0.22921875360825136
-38.2459,-9.7391,12.6632,49.3071,148.2267,76.8029,-60.6347,0.4939,150.0,0.4834315167608416
-28.7302,11.5629,27.1617,146.3238,123.5766,-20.3857,-20.363,0.2991,138.889,0.11391880154917407
-35.5718,28.418,53.9319,77.0015,144.2878,57.9177,4.6726,0.1604,116.667,0.10499762082668197
-64.8891,-26.0487,28.3934,78.498,61.7419,35.0593,-69.6379,0.8838,72.222,0.4605683841412838
-11.7595,22.1688,54.3567,129.1697,140.8895,66.4071,14.3532,0.4222,138.889,0.2339162694691106
-68.6062,20.2401,69.1817,132.3228,37.6564,-64.9536,-48.89,0.1836,105.556,0.3465517270441608
-36.9119,-12.8545,47.324,104.0053,124.8922,-29.2795,56.728,0.4936,116.667,0.22619378424270348
7.0488,43.9832,59.7271,122.7613,155.4775,77.3064,-53.3931,0.8126,150.0,0.5021951788513498
-46.7521,-20.0073,56.5504,148.2017,141.5017,52.2183,13.855,0.5008,150.0,0.26685831218628225
-56.8811,-32.1287,62.0308,80.1523,152.6926,67.3264,60.1681,0.6646,116.667,0.43572858273517073
-22.2798,-0.9817,23.2514,85.2588,100.0477,-52.3509,46.4759,0.8037,94.444,0.31094138218562206
-38.4012,1.1857,34.1173,139.1356,62.0596,46.6832,-68.7998,0.4625,116.667,0.39654887344529777
-32.2084,-10.7612,50.8043,194.2624,58.9412,-10.0146,61.6285,0.6004,138.889,0.3637892741688235
-42.5695,-0.4357,33.1933,85.7276,87.4039,64.6106,42.1249,0.3325,83.333,0.22188486509160565
-7.1483,12.2478,39.7606,163.9802,179.889,-74.1565,-3.9827,0.4737,161.111,0.2700766849246797
-54.0312,-6.9478,31.134,83.9939,110.041,30.9468,77.3026,0.759,116.667,0.4045807447487591
-55.3949,-21.6517,6.3773,69.7452,110.2794,57.5387,74.9793,0.3987,94.444,0.36258519430877545
-17.5074,9.6842,32.6144,182.4983,71.4754,-10.5832,-4.1195,0.3412,138.889,0.2351874174822593
17.6581,34.7348,60.1858,116.961,181.1865,-10.0584,46.7209,0.8357,161.111,0.4648480629425187
-49.2155,-24.7173,52.8997,103.8178,127.8428,-36.9755,60.6972,0.3624,116.667,0.2359273519059064
-64.7742,-41.3124,2.9596,80.2206,196.4014,61.0888,-60.1686,0.8129,183.333,0.5315845230594081
-25.3433,7.6305,25.4144,193.1109,76.154,52.6172,33.9144,0.4931,161.111,0.3364785512016711
-39.9099,-12.605,38.4977,171.8023,106.3053,-38.3383,-26.711,0.5637,138.889,0.2967017263494276
-57.6321,-29.5536,3.3871,44.0996,157.734,24.0042,25.0584,0.1594,105.556,0.18106287796598833
-69.4736,-6.8331,65.2776,98.0088,99.9853,67.5928,-58.1558,0.1742,105.556,0.15954323253385383
-56.3229,24.6081,41.8165,174.5032,198.5684,-41.2266,76.4239,0.4444,194.444,0.40044939904398036
-58.8387,-0.5959,38.5584,108.1709,108.7081,73.1203,-46.5393,0.2747,105.556,0.24393468778758604
-68.4923,-45.3125,3.3144,149.7289,103.1536,66.8994,-36.1981,0.2714,138.889,0.2561176406528149
-48.2813,21.7463,41.2031,169.8175,82.5294,-17.6428,-40.5818,0.7025,138.889,0.37495129285353956
-58.652,-11.3763,43.5011,112.4458,183.9782,-49.2788,-5.21,0.3875,150.0,0.2219031827558642
-32.7061,-9.3644,66.0443,185.0211,77.531,3.3607,-51.3531,0.2608,150.0,0.2773815461849578
14.4784,43.2134,58.9565,147.4096,175.8585,-18.8643,-43.5978,0.2708,172.222,0.17574954122072015
-61.9178,-14.2384,25.0043,112.4285,33.8871,-6.0942,-28.0054,0.8873,105.556,0.4592220221098379
20.9028,41.2894,61.6713,47.5606,66.6957,20.3467,-43.3829,0.7442,72.222,0.4438894185903987
-24.5398,13.8997,52.8292,93.6496,89.0874,-49.2531,31.1346,0.8683,94.444,0.3946223715379444
-19.7142,-4.3623,45.8175,64.3118,41.8108,-36.1928,80.3559,0.2397,50.0,0.26489210803613794
-21.0073,11.8994,49.525,95.5889,179.8612,45.4141,48.095,0.6035,138.889,0.24111910820455312
-56.2095,23.7713,42.9371,41.61,129.0194,11.2982,78.0308,0.2024,105.556,0.36504269069903234
-18.4084,9.6586,25.1639,163.2091,133.8057,76.3143,-70.212,0.813,150.0,0.39481284350708107
-25.7333,3.3282,28.799,112.1588,127.7984,-48.1005,-4.3878,0.5996,116.667,0.2499893317260481
-59.478,-28.1029,6.7583,142.319,138.8296,61.0691,-50.5148,0.5839,150.0,0.3188541430356934
-55.8299,19.0424,52.0836,40.5799,198.955,53.0027,-63.6122,0.2489,150.0,0.37948658012292913
-56.0252,38.3343,54.4285,95.7233,106.3446,24.7214,-2.527,0.6084,105.556,0.40153145064707113
-56.7093,2.4104,19.5117,80.5688,54.1044,75.6521,-2.0444,0.7303,72.222,0.39676674325827377
-63.5773,-37.2918,-21.0204,110.062,96.6887,44.6969,47.2201,0.5366,105.556,0.34687279582478564
-55.2793,-4.5779,50.3857,126.1315,51.027,38.4682,31.5866,0.8526,105.556,0.49751981291670716
-52.3001,3.5107,20.3585,122.535,113.4359,-59.0621,-41.2551,0.8464,116.667,0.35862722942624664
-55.6191,-23.9012,40.8508,175.2127,102.0391,72.3123,-19.8614,0.7455,161.111,0.43443438469965845
-50.2568,-13.2926,4.9241,113.6182,30.2312,40.7626,-60.3832,0.7796,94.444,0.40673983728124347
-64.4486,-37.7529,54.0095,136.653,193.2911,-8.5548,-42.0224,0.8725,172.222,0.5325371328191904
-18.9314,33.3806,64.2273,72.7668,109.7244,43.6772,76.5229,0.5341,94.444,0.3933135657007612
-3.2627,15.0168,47.8722,89.7727,61.5293,3.3754,-78.8315,0.5555,72.222,0.34816342199525696
-54.7572,-32.2013,52.9064,61.4321,132.1059,10.5711,62.2009,0.2151,105.556,0.1979740266684536
-58.6309,9.629,32.6907,44.9778,183.1034,-55.2373,-13.0232,0.7563,161.111,0.4316509014189302
-51.9673,-26.2892,11.2349,192.6092,104.3654,-1.2951,39.5403,0.4008,161.111,0.26873381944019487
-49.2914,-33.2006,19.9338,69.5787,33.5984,-10.3163,-18.8619,0.3332,55.556,0.2187625855311812
-63.3942,-37.7,11.6111,165.066,130.4719,-30.9141,-39.3589,0.2111,161.111,0.10739116070037089
-34.5945,2.6754,41.7177,71.469,132.9577,47.4509,-36.9858,0.6021,105.556,0.23325539998445105
-39.3309,-10.211,5.2062,59.7778,117.8934,-58.1059,2.922,0.2918,83.333,0.20658710424433255
-66.1654,-40.2826,45.5968,161.9173,155.7287,1.1576,-26.4918,0.5071,161.111,0.3589476967487769
-69.7149,-37.0416,10.5541,186.326,192.9191,-9.7949,45.5351,0.6593,194.444,0.4098044452944091
-33.0301,11.4894,38.432,106.8086,139.7921,34.0074,-8.7215,0.5513,138.889,0.22407160490627726
-41.4768,19.2163,59.4728,167.4058,73.1058,-20.0532,69.3648,0.3258,127.778,0.328886089399116
-49.2866,7.7834,44.1704,63.0635,136.2922,-65.525,-40.1942,0.7755,116.667,0.4395294372051032
-30.3074,14.3279,46.6173,46.4666,186.9452,-60.7978,-0.6867,0.7051,183.333,0.467750041375206
-55.6037,27.1309,68.0642,160.1348,57.1485,2.4117,-42.2354,0.825,138.889,0.5928377682910722
-43.6883,2.5283,40.5291,158.2248,92.4859,10.6933,-81.8197,0.6572,138.889,0.4062272175306345
-62.5964,-18.147,4.0292,50.281,158.423,23.043,-50.0762,0.8322,150.0,0.4477674264757352
-40.9983,17.3708,40.3443,148.6487,35.177,-73.5607,75.5831,0.5334,138.889,0.5322814220528698
-57.05,-39.0552,7.034,62.538,176.3128,26.8197,-53.4173,0.2416,138.889,0.2564535649008682
-58.4092,-10.6235,13.5123,77.9707,159.0258,-16.4908,25.7369,0.7628,138.889,0.3785149378857433
18.4959,37.118,60.6235,53.361,158.1574,16.8331,34.5362,0.5793,116.667,0.3464181243778879
-46.4488,15.3374,68.2465,108.2143,170.9143,-36.2575,-62.1596,0.3645,161.111,0.31698803948028886
-52.1978,-13.4516,44.8368,145.0658,39.2721,-82.2491,11.1265,0.5574,50.0,0.5075267332591749
-38.3559,-16.3413,42.9522,178.063,184.4757,-55.1159,-82.5416,0.7061,183.333,0.4361643229647108
12.5059,30.9133,60.275,138.4477,50.9856,-74.8952,65.9063,0.4039,116.667,0.4744160600453827
-53.903,-19.8041,37.6109,163.0256,78.7892,-2.1079,43.8868,0.7287,138.889,0.3848589725588004
-19.2561,26.3716,44.7486,69.5159,177.4367,-42.5324,-33.3402,0.7311,150.0,0.4451348575228575
-37.6955,-19.3958,20.3696,125.8532,150.0224,-38.6655,64.4584,0.1334,150.0,0.09184821402486758
-45.1513,8.3595,44.3337,70.7258,121.8076,-68.2991,-65.4231,0.7951,105.556,0.46255791624479375
-25.7425,-9.1936,36.5685,97.5821,168.3635,44.0071,30.4134,0.5476,138.889,0.23858928055936168
-36.5519,-9.57,56.6852,53.2423,40.4872,-84.7882,-35.8737,0.2554,55.556,0.23724383731719925
3.2673,45.1373,61.6401,199.7771,187.6183,16.3446,41.7333,0.2408,205.556,0.141847754115136
-63.2138,-9.6344,20.0409,72.4479,183.2637,37.8787,48.1624,0.3245,150.0,0.3257562012003863
-26.1784,28.6356,69.0988,100.2729,163.2412,51.1419,-17.7302,0.7796,138.889,0.491834974870602
-62.9475,-25.8425,-0.3581,37.4291,133.0476,-81.2773,-72.8319,0.7366,127.778,0.48755197768500036
-52.1892,-23.9631,48.3849,162.7631,196.1955,66.6854,-77.6226,0.6851,183.333,0.5038103013189033
-61.5677,20.0426,44.8421,158.2826,111.8833,-40.3992,-22.4062,0.6087,150.0,0.4152528654509511
-38.8954,-16.3215,39.5756,127.1854,35.0397,54.5501,32.144,0.7942,50.0,0.4014487034495548
-35.3659,-13.0196,20.0784,173.1534,89.4729,-53.3733,41.476,0.4817,150.0,0.33822624297585696
-45.5742,23.39,51.5055,181.2802,121.6355,-13.965,-7.8906,0.731,161.111,0.3864868485020613
-69.7112,-32.5334,1.8588,65.2904,157.6525,-24.5521,-3.5542,0.8204,127.778,0.4654081747680047
-18.6838,47.7391,63.5531,33.4628,83.367,11.5831,-44.9378,0.71,72.222,0.48631760494808896
-63.9014,-24.8886,51.2772,160.1239,133.1654,28.1776,82.6,0.2655,150.0,0.282274014887789
1.6251,26.717,54.5489,108.2519,157.1282,30.4858,47.5678,0.2825,150.0,0.11289880258350085
-2.4349,15.0568,59.8652,127.8145,72.2217,64.1917,68.2683,0.332,105.556,0.19554340920033386
-41.7505,-16.8405,15.149,133.9582,151.9474,28.3724,35.297,0.5088,150.0,0.2405064457992784
-68.979,-21.3466,34.58,97.1677,176.2214,-78.0016,65.6629,0.5653,150.0,0.5153258096939956
-41.3891,22.5513,43.3583,66.0205,41.704,62.1109,28.4114,0.5047,61.111,0.3406692046918419
9.1211,28.0451,60.5786,92.5971,85.4888,-47.4431,68.7575,0.3308,94.444,0.21675064902504548
-62.2235,-15.294,32.2365,56.1731,153.4209,-14.9427,-80.8711,0.1447,127.778,0.17635143209121906
-64.6008,-34.8256,7.3857,54.1528,133.9244,50.54,58.6515,0.6571,116.667,0.46084437316251614
12.3172,29.3348,60.2046,121.6829,112.7406,-5.6707,-81.1526,0.4342,116.667,0.3521287946359577
-65.8331,-22.5124,17.126,54.6494,109.4953,-83.1909,-27.5053,0.1716,83.333,0.20815672227169157
-1.8724,28.7577,64.2177,44.8862,118.4377,-44.753,69.8354,0.35,94.444,0.3651014664444362
-58.7961,0.6081,36.1996,31.2815,137.6099,-17.5631,80.0864,0.21,105.556,0.42966271772161196
-5.4508,17.6887,33.9199,96.5226,102.5076,-81.2387,-23.2589,0.2563,94.444,0.22547316821930924
-63.9967,4.1512,27.7553,134.8717,119.2601,68.7035,-37.692,0.3691,127.778,0.3215008704673242
-24.9482,33.2675,59.9046,185.8829,172.2167,-50.4665,11.0856,0.3659,183.333,0.22572775999276426
-38.4945,33.7658,62.9989,78.6785,149.8392,-83.4458,-81.6863,0.8006,127.778,0.555527842961591
-48.1141,-9.0218,48.2327,138.3101,198.8785,-74.9388,-77.2501,0.7997,183.333,0.49686709490058806
-66.9068,-21.0982,7.1566,67.5107,153.146,-51.2905,-41.7619,0.7881,127.778,0.4964469239554653
-51.7715,-27.9291,56.8804,81.3151,69.3358,-57.6312,74.908,0.672,72.222,0.4270020155408765
-35.4787,-9.2036,57.6464,71.1972,177.0016,41.9269,-70.0177,0.313,150.0,0.3957387590537031
-65.4419,-36.1894,-8.1824,44.524,178.2735,82.6891,29.2404,0.6127,172.222,0.5174393874604553
-63.0061,-38.4965,20.56,48.0062,72.8823,45.5986,-19.9349,0.7213,61.111,0.4543415405335301
-14.8059,14.9476,30.7968,39.8707,153.7297,67.4501,-79.1559,0.7363,50.0,0.45457285685045395
-68.9284,-36.0683,42.1744,48.829,138.6415,-30.419,22.8783,0.7532,116.667,0.531047936857487
-49.5913,-27.4232,5.699,84.574,130.2658,41.9638,82.5645,0.4261,116.667,0.3667266623228222
-59.8229,26.5933,55.3115,149.608,157.3995,45.8773,-84.265,0.6284,161.111,0.4673775390683644
-42.4464,1.6171,39.4243,132.3684,62.3708,33.2673,49.4527,0.2504,105.556,0.1823257840478682
-60.6317,19.2577,58.0825,140.5708,178.6192,12.8075,-69.0246,0.4216,183.333,0.2892426322674765
-37.6479,-11.858,40.5194,193.6842,195.6725,42.1597,-7.6335,0.7121,250.0,0.26746132160630715
-45.0885,15.6416,53.7102,101.0968,191.4,1.1146,-31.3096,0.2792,161.111,0.22767181758784846
-43.4125,13.2653,37.7255,54.2794,96.361,9.4481,-74.7554,0.1669,94.444,0.15848485401855947
-63.0874,-47.7595,27.1764,86.9023,138.1035,71.0824,-77.4674,0.2133,116.667,0.28851187417198465
-58.491,-2.8817,51.4134,44.8563,111.2349,-32.2224,-35.1631,0.1414,83.333,0.11872506322150879
-38.8427,-14.2797,27.4555,187.8101,141.2068,-55.2383,73.4371,0.4945,172.222,0.39278289719943194
-50.996,-29.9365,11.625,183.0881,110.1308,-26.5928,-44.4071,0.1462,138.889,0.06571699390129669
-39.9433,11.896,48.218,132.4408,102.0554,26.7353,23.0878,0.317,127.778,0.1683168664147548
-63.6959,-8.1292,31.8383,37.0221,171.0502,57.5275,23.9898,0.648,161.111,0.47353210677622265
-57.4367,-15.6446,22.7827,168.8857,158.5349,-80.96,-30.6391,0.6577,172.222,0.4146992293413031
-66.9358,22.6265,52.7842,135.3556,41.5861,28.3304,38.369,0.1127,94.444,0.1771299861771014
-66.7648,-11.8452,7.1193,129.0056,77.6471,36.1805,-60.0767,0.8244,116.667,0.444789245441946
-61.5532,-7.4128,58.2294,180.1676,97.0093,1.4789,57.8345,0.593,150.0,0.3742776610647043
-69.187,-0.5239,15.0419,174.6591,96.4172,-37.8536,44.6034,0.7866,150.0,0.4722800958527155
-59.2635,4.6148,58.5285,65.9637,88.4217,15.4679,55.6307,0.5342,72.222,0.3172541713511272
-47.0322,-15.3234,69.8537,116.4129,84.3642,57.2798,18.6941,0.2743,105.556,0.20039696076486127
-62.1923,-27.8687,24.7078,43.9661,42.1221,-10.1696,-26.6086,0.3537,50.0,0.192687962392486
-2.7019,24.4996,50.2062,128.8926,156.7937,-9.3158,44.7316,0.4333,150.0,0.16460384474889114
-44.766,38.7145,60.4649,116.8179,167.4942,16.7134,63.7665,0.2957,150.0,0.2101250653724657
-64.3623,-47.1238,-14.2161,50.3191,106.5545,-19.0459,28.4635,0.6029,94.444,0.3937426827759779
-46.8297,14.2513,37.6775,59.7327,66.7988,45.9868,-38.2088,0.6958,61.111,0.30198862395729587
-44.6226,-19.4287,34.1489,143.8553,185.8384,25.1855,48.6088,0.312,183.333,0.1832936977463348
-22.6936,-0.4837,31.0524,84.9424,199.9483,56.7727,-81.918,0.2927,172.222,0.41425230060594187
-48.0985,-20.2759,4.4043,73.7424,82.1357,-29.4528,-28.5398,0.3182,72.222,0.1342732279494764
-68.5132,-51.2112,17.2192,64.1427,156.5694,12.7378,35.3405,0.8961,127.778,0.5552407928437209
-69.0913,-48.2129,-14.6891,34.9826,43.3505,-72.6982,77.6306,0.7611,50.0,0.5670559203118768
14.0528,31.3191,50.8495,153.7606,173.034,-40.8144,9.6712,0.4738,161.111,0.2532290183116852
0.358,17.804,41.5247,103.4323,65.8028,46.9904,16.1401,0.3975,105.556,0.1274755896443409
-49.9031,-5.3992,12.6882,94.4784,117.2599,1.0438,71.3804,0.4974,116.667,0.29859980118419827
10.3337,40.9507,65.1181,197.0496,187.9141,-60.5658,35.7371,0.7658,205.556,0.48083748428438533
-23.7153,6.0338,34.6827,101.0099,165.369,69.2906,48.4412,0.2826,138.889,0.28482705784837403
-38.1696,53.4471,69.9495,143.3107,140.7741,-34.119,-76.2518,0.301,150.0,0.28509222015590663
-69.2932,-33.5023,11.0547,171.3858,86.7646,-65.5432,-2.0659,0.1545,150.0,0.14006779113247586
-52.3632,8.2251,24.1198,38.3094,103.0443,-71.2247,56.9594,0.2651,83.333,0.3901474444236989
-26.0427,15.325,48.1366,180.456,105.8203,26.4363,61.7504,0.2706,150.0,0.2133353500698688
-15.2916,39.6426,56.2525,135.9528,102.1613,-40.09,78.3953,0.869,127.778,0.48982256319977724
-11.7301,28.3381,56.0322,62.4709,145.0263,34.7053,-8.4775,0.3312,105.556,0.17701676480199235
-57.6487,-21.8846,67.112,60.5592,43.5308,-65.3018,-55.4064,0.2569,61.111,0.19260216601641533
-66.0141,-2.5012,40.2708,44.7835,145.162,10.3006,59.7727,0.1112,116.667,0.20442578609366527
-67.5312,-32.6712,63.4486,166.4486,176.0949,-47.2237,-13.215,0.3014,172.222,0.24627471597143943
-47.0346,-6.7831,36.4435,41.1249,139.1297,-46.7123,-79.8119,0.5021,105.556,0.4467930368549863
-62.0082,-16.6368,53.9646,76.1059,100.7981,54.3372,25.844,0.6007,94.444,0.3347041857277786
-46.8759,-27.6178,67.9685,171.6226,173.3535,-24.3552,52.5037,0.625,183.333,0.4035752481375978
-37.8521,-3.2405,48.6685,195.0993,70.8138,-1.8783,19.7513,0.543,138.889,0.3180997409612253
-60.9164,12.4789,34.9332,56.6944,171.6913,-7.7436,56.5214,0.1634,138.889,0.2399982393152113
-65.1962,-20.5962,59.4789,83.5628,168.8507,31.9125,-24.2807,0.6985,138.889,0.47833989546502625
-64.2637,-40.1048,43.8463,163.1097,198.7632,-61.2345,-40.3733,0.6326,183.333,0.4113657248995548
-42.339,12.6029,55.1219,56.9839,156.5025,46.2634,29.2205,0.2132,116.667,0.2568312574303642
-32.6863,18.5803,68.3436,138.5025,132.1874,36.04,-17.4872,0.2505,138.889,0.17002448093897887
-41.8622,-8.4407,53.0009,111.6815,126.7029,30.4338,-61.6499,0.2913,127.778,0.21005712829492076
-58.4966,39.5297,67.3214,195.838,91.2023,56.8684,43.1739,0.2845,161.111,0.26237406991280543
16.4613,39.206,62.0718,197.7399,110.1897,55.116,-84.6444,0.6427,172.222,0.47617978354596036
2.4905,37.0139,56.8904,81.8687,130.9479,-27.4905,23.9654,0.2766,116.667,0.19896258941600709
-56.2842,13.2182,49.7351,72.3433,138.4694,-17.9577,-38.3508,0.4647,116.667,0.34513919515888847
-38.8215,-22.49,62.6625,176.8432,33.2824,12.5758,71.6797,0.5987,161.111,0.5287915523593967
-64.7816,-41.7298,44.3127,124.7389,152.0105,34.506,-37.6467,0.5584,138.889,0.3635975118733164
-62.0957,14.5595,67.8295,129.1388,143.3821,59.1739,71.0905,0.1143,150.0,0.09847389377200692
-57.838,-6.178,66.6769,65.803,62.3805,39.538,78.74,0.317,61.111,0.2968304279546454
-60.261,-17.5218,24.287,183.652,131.0987,-21.687,45.6543,0.2305,150.0,0.14285168645426202
-54.742,25.1519,50.5019,85.5911,127.9001,-19.4535,-7.9241,0.1952,116.667,0.1415469624522225
-12.1552,54.6632,69.681,89.0317,41.5937,64.3797,42.6507,0.3113,72.222,0.25842228913419524
-33.6823,2.9131,67.4324,138.5126,69.1988,-0.0591,3.1491,0.5395,105.556,0.2780880672987061
-4.4832,20.8267,53.7332,53.464,48.3984,-1.8247,-6.7986,0.7852,83.333,0.3066889542746606
-47.5802,-13.2033,33.0755,177.7925,59.8734,-24.7572,26.3599,0.2195,138.889,0.22222032578542814
-49.3988,11.243,64.4352,170.1091,134.9655,24.4045,76.7259,0.17,150.0,0.16083960155210597
-45.0489,30.0489,59.6849,185.3873,118.4907,-37.1574,62.6493,0.439,161.111,0.25888245988503505
8.3966,24.2421,55.491,125.9341,156.6706,45.3317,55.01,0.8863,138.889,0.3792189880771961
-60.8774,-21.3577,54.0112,149.6049,160.2952,47.8891,47.0959,0.5977,161.111,0.3260807677676972
-29.266,4.0414,63.8958,30.2908,121.4743,47.2585,37.5555,0.5797,105.556,0.4719011413900975
-40.3944,36.5871,58.317,182.0808,138.0318,25.3954,47.3229,0.1836,172.222,0.12739382767052765
-0.5667,36.0869,59.3394,130.8953,81.9567,25.5243,-19.2895,0.2696,116.667,0.18228167119569025
-26.0434,27.5007,55.119,74.4835,176.0032,13.1405,-52.6756,0.8071,150.0,0.43639687052560505
-69.1336,-49.972,-2.4677,86.7578,56.4746,-57.5964,21.3245,0.7018,72.222,0.455595750171395
-50.8715,19.0363,64.8426,134.657,164.8587,-84.4643,75.8853,0.5036,150.0,0.4180121211850377
-41.174,24.4062,41.8552,56.3004,88.8316,45.875,-71.6083,0.3973,83.333,0.30134605983665885
-68.7418,-30.1397,46.9827,73.4191,115.8807,-6.8626,-10.7689,0.101,94.444,0.06769384968192782
-28.6035,7.0194,53.7822,159.6443,187.2043,27.1017,21.4926,0.1819,183.333,0.09523682207810084
-25.7052,14.7689,69.0838,121.0197,133.5272,-56.6543,83.1965,0.1901,127.778,0.20458887221817063
-25.1907,2.2267,50.296,69.5266,152.3045,61.4528,-65.4835,0.6075,127.778,0.4286282377942895
-58.8994,-5.8547,57.8547,140.6381,142.0211,-26.0892,20.6969,0.639,150.0,0.3879109998179925
-50.2689,-11.6016,45.3373,148.4049,162.6778,53.7867,63.8994,0.5081,161.111,0.3107417750735711
-47.9944,-0.7026,28.9758,194.0234,173.3104,32.3612,-51.6659,0.2748,183.333,0.10932486859469344
-49.9513,51.341,68.8679,166.4534,118.4553,-76.5013,31.8624,0.623,150.0,0.5477041466317625
-22.2768,16.5912,50.9175,131.31,183.2375,7.7533,26.5834,0.7018,172.222,0.3273346710116276
-26.2854,4.5244,61.1089,102.4755,84.745,48.5176,36.8352,0.1017,94.444,0.07295617665703487
-26.5982,18.0613,42.2368,140.7397,160.6781,22.8847,-12.2101,0.7828,161.111,0.30790928864801564
-51.2465,-33.9621,23.3368,48.1221,166.9579,39.2227,-32.6988,0.1191,116.667,0.2062250430638562
-34.9751,10.8465,65.6664,60.9969,83.0391,16.6951,82.6046,0.3428,83.333,0.27843431593355217
-15.8285,15.604,38.6346,70.5422,113.6859,22.0501,35.1099,0.2652,94.444,0.09649469873489616
-21.6375,4.7612,63.3219,141.777,92.0751,5.1252,-56.5425,0.5263,105.556,0.301622853112608
-28.7433,25.9727,45.481,38.9826,145.6541,58.1345,70.2993,0.6317,50.0,0.4838530582828653
-27.1085,-11.4894,23.2429,42.4583,137.2207,30.9233,65.1823,0.6732,50.0,0.3955308773936139
-18.5152,40.4837,57.5332,176.0494,89.5481,-34.565,43.6958,0.1114,150.0,0.08226785188121585
-45.0738,11.4092,51.3714,91.0868,197.1147,35.5682,10.3198,0.735,150.0,0.4011992768194252
-41.6438,25.4352,65.0526,31.4323,110.3623,-63.7457,-43.3776,0.2422,83.333,0.36644887294370554
-69.1472,-21.6216,19.6011,47.2861,37.3395,77.2873,32.9321,0.6436,50.0,0.46788125455277496
-58.8632,-18.2573,54.5768,107.4623,39.9765,6.9337,-61.8845,0.6294,83.333,0.41963574062807235
8.7076,30.1512,57.4987,55.6836,44.6678,51.3075,-43.6076,0.8964,50.0,0.3755987442409974
-45.6198,9.6219,47.7781,146.3949,150.5828,-31.7336,74.4726,0.8543,150.0,0.45090225648943216
-68.8608,12.5732,32.716,68.0424,74.0795,13.8814,40.0018,0.6846,83.333,0.3680224272982336
-53.2654,38.6898,58.4838,191.786,131.4923,71.4466,-4.8431,0.6134,172.222,0.43805693930364775
-40.2262,-5.6391,11.6446,117.3954,85.932,-48.3203,21.1838,0.2727,105.556,0.13475706200643006
-7.3216,9.8288,42.5096,118.4929,112.4272,49.4388,-18.3428,0.3267,116.667,0.16117122961617486
-14.8195,1.7708,30.9491,172.2859,81.1629,73.8543,60.1551,0.4115,150.0,0.36143801920514335
4.0701,32.6677,60.5351,67.5397,126.429,-42.6877,-19.1237,0.3755,105.556,0.2721136471273059
-64.4225,-44.8259,66.4979,99.9528,141.4319,-82.2909,34.4224,0.8643,127.778,0.6707909021129081
-8.4715,24.9076,64.9273,88.8932,142.1273,20.0505,61.2406,0.2551,127.778,0.13996068308955598
-34.5393,12.0089,32.6088,108.3561,100.1447,-45.7464,4.8688,0.5745,105.556,0.25531108468315494
-41.1473,-22.3834,45.8703,90.0245,142.1986,-34.8065,-27.3207,0.7114,116.667,0.32640525300736645
-56.3367,1.3543,45.8763,104.8377,75.5242,-10.3581,83.9585,0.4449,94.444,0.39679359482807425
-56.559,-19.7908,59.1729,115.5081,85.7245,74.9558,79.0903,0.5593,105.556,0.4741327025899108
2.7448,20.1551,39.8974,78.0991,199.2334,31.5376,50.357,0.1494,161.111,0.16152785494505567
-54.4699,-32.2385,10.0335,39.2556,38.4754,30.4745,-73.8052,0.4653,50.0,0.34431362417053935
-64.9731,-44.1377,10.4754,102.0816,105.8231,29.5675,72.4537,0.8387,105.556,0.5400515698610716
-54.2141,-1.1359,65.2066,183.3149,77.4573,26.5645,-53.891,0.6929,150.0,0.46160691291638023
-48.2062,-11.232,34.6218,49.9286,54.8562,75.8728,6.8254,0.3803,50.0,0.2840959758941298
-9.0837,24.4053,49.2692,48.0484,178.1595,-38.0987,-20.446,0.5422,161.111,0.42971171469388203
-42.2812,28.2064,66.26,35.675,125.9505,-59.8024,-84.417,0.2445,105.556,0.4907673377604971
-65.1586,-20.2385,-1.3071,159.6394,177.5872,-80.0621,59.7296,0.4851,172.222,0.3975875899733303
-14.203,27.3754,52.8145,198.091,97.2477,-41.8163,39.8563,0.626,172.222,0.39062008800303377
-42.993,23.0163,44.1863,86.4077,98.0939,30.5656,23.0516,0.1401,72.222,0.06740932000776091
-3.4198,18.3825,44.4844,111.2824,146.5582,69.4869,-69.0812,0.825,138.889,0.3882495950914622
-33.8653,10.6263,34.3925,121.1095,127.4709,-72.1099,-78.0432,0.4385,127.778,0.31468550093902403
8.6932,32.2202,65.9812,152.94,117.9085,-4.3869,19.2186,0.5214,138.889,0.328008110625775
-58.8072,-25.0133,7.4194,73.4583,155.1987,11.8557,-63.8446,0.1805,138.889,0.10521379322239999
-21.7371,12.6921,38.0966,32.4773,58.6815,-65.0859,-4.5918,0.7805,50.0,0.3524617758385807
-46.1602,-30.3604,47.8686,84.0144,197.7768,-3.8827,-34.8477,0.7408,161.111,0.4395659650929372
-48.6695,16.2109,44.0646,181.8032,36.114,-13.4741,-63.2944,0.1186,127.778,0.37422890266429837
31.0496,49.7636,67.8791,123.6089,86.4162,-38.8428,-71.4797,0.1789,105.556,0.19999735244256436
-48.5123,10.1514,43.5463,124.1403,123.0901,65.3805,77.121,0.7534,127.778,0.453107558313115
-22.9713,9.856,26.1234,52.2146,157.2613,-84.3458,-72.4113,0.4232,138.889,0.47441953512544877
-6.4922,26.5399,46.3917,146.6273,199.9137,73.5442,24.8748,0.3688,161.111,0.2810452266666515
-54.4782,-37.1837,4.0214,102.8544,138.7859,-27.8335,39.4872,0.6344,127.778,0.3591327408085185
-52.0814,10.7946,61.4519,78.6986,193.962,-69.4249,65.7915,0.4327,161.111,0.46734348606815856
-26.9124,-10.6564,32.6425,48.14,66.327,44.9304,-50.0801,0.7548,55.556,0.35829649559097143
6.2274,25.1585,41.6944,120.6866,166.1474,38.1986,-43.7238,0.6881,161.111,0.3173428591078048
-11.4561,33.2904,51.8769,79.4978,122.2202,46.0906,66.9743,0.75,105.556,0.4121126815187005
-57.0174,-1.2343,27.7047,152.4869,39.8503,-46.194,-61.1748,0.6333,127.778,0.43617561813778105
-45.031,16.5314,68.8792,77.8935,170.4542,55.9326,-71.8761,0.4326,138.889,0.494920741668869
-20.0108,48.2316,68.2495,36.5549,36.7019,-6.2213,-44.5357,0.492,50.0,0.34456652542552646
-33.2406,17.1761,60.8622,90.2365,126.097,-10.873,-77.3872,0.3177,116.667,0.31106894515652134
-9.5771,8.1977,66.7937,160.6259,84.9727,-12.8869,-3.4137,0.5603,116.667,0.29224023578468894
-55.6993,16.2848,53.7463,197.5791,82.7475,-72.3726,35.5503,0.2255,172.222,0.32055287736929794
-41.2778,-2.8692,17.4483,187.3851,38.1648,-62.7113,-12.2513,0.8808,50.0,0.35555528527630775
22.1591,41.2269,64.0644,129.3193,133.1542,52.2905,57.4802,0.4465,138.889,0.2802569596265978
-52.8808,-2.0815,40.7807,124.5794,53.5614,-43.2721,-3.5806,0.114,105.556,0.06420197909876695
-54.9483,32.8621,62.3345,62.0363,189.9813,-26.2813,5.8957,0.7501,172.222,0.514793924851151
-49.4038,-26.151,65.1788,116.7764,33.5837,-2.9291,-45.2221,0.1023,83.333,0.1250711214947386
-31.7501,-9.9063,66.5246,194.2971,94.4163,-20.2876,13.7513,0.3076,161.111,0.24300730322470407
-55.8946,12.0368,49.8108,34.2678,143.6745,-83.9596,-64.7521,0.3035,127.778,0.4907290483804371
-59.0687,-37.9778,-20.5229,197.9087,46.479,68.2346,-6.0789,0.6966,50.0,0.5549066272196049
-44.9369,16.6171,69.8758,197.7872,94.9382,-5.258,-39.6401,0.5001,161.111,0.3389528999719808
-52.1306,17.092,68.4927,89.4966,142.9426,58.4554,21.9628,0.8061,116.667,0.47583402995906043
-57.3844,24.0069,66.2909,183.1645,83.8141,21.5303,-32.964,0.8937,138.889,0.5795511701162596
-64.3396,0.1848,52.6112,165.2798,198.4799,-42.1777,-62.3885,0.1466,194.444,0.10876199475978511
-37.1992,-11.0819,7.5201,76.6927,138.8289,-24.9946,-65.7233,0.6274,116.667,0.3916668914416712
-45.5756,-29.747,45.3973,48.2145,191.2419,42.1993,75.975,0.3896,55.556,0.493418448532164
-9.3315,29.8989,54.4107,119.1629,112.1492,-37.736,73.0376,0.8464,116.667,0.40609597409342707
-26.1231,-8.5427,10.7002,45.0802,157.719,58.5292,26.6949,0.7034,150.0,0.3809439751139443
-66.0719,-22.4579,25.8712,117.262,177.8018,-27.8708,61.0966,0.8322,161.111,0.48674818260210473
-66.516,-47.506,-5.8655,104.5865,181.6986,-26.3754,-69.6832,0.2098,161.111,0.1939603171351359
-64.8378,-30.7545,49.3892,76.8842,118.9243,62.1137,26.0872,0.598,105.556,0.42993076846179956
-41.8869,10.5646,46.4179,98.9006,99.4842,43.2258,-42.7596,0.6652,127.778,0.27583106610972696
-28.6204,22.6655,40.6591,189.7921,81.669,78.1638,-5.6961,0.6175,150.0,0.44110259428687704
27.2735,42.8405,58.0886,87.5299,135.9045,-73.9332,-72.8952,0.2097,116.667,0.23812804384500147
-47.8732,-20.4499,8.428,191.6357,50.8674,-33.4835,9.3689,0.1636,150.0,0.21966979485319427
-66.2876,-10.1426,21.6236,145.0791,107.1026,-74.9169,36.7407,0.8156,127.778,0.4902226569246733
-40.5324,-0.4378,41.363,72.0654,130.1372,54.2147,-32.3849,0.6664,105.556,0.349699275662253
31.7173,48.1877,65.7676,30.3816,153.8413,-26.1087,40.5031,0.6857,127.778,0.5514240663618033
-37.7429,8.2374,29.357,41.7755,183.7282,49.1315,-53.705,0.5653,50.0,0.45992102933868406
-64.0842,-42.2507,0.0829,193.992,58.1087,22.9855,59.3801,0.5319,172.222,0.514547428033313
-15.0713,3.2313,37.4243,70.1884,47.9792,71.676,28.6602,0.2504,61.111,0.19536546938744798
-62.7642,38.713,68.8566,180.4825,72.7615,0.9934,36.2605,0.4484,150.0,0.37777992212075845
-56.5537,-38.7904,15.3103,125.7537,168.2997,-33.9505,0.5022,0.7888,161.111,0.4098485530729659
-13.8738,19.7872,51.4748,189.6178,55.8165,72.7792,0.2434,0.1963,150.0,0.36746977590197494
-14.0348,38.1718,63.7168,146.8696,54.6278,-21.6853,-45.4455,0.2902,105.556,0.3028688830363266
-61.227,-29.3981,-10.5686,53.6133,197.2637,-47.3093,-34.9322,0.1906,138.889,0.3195005255426855
-29.7339,-9.441,21.6267,132.4738,61.7295,77.0221,-11.3863,0.6961,116.667,0.3186278984373254
-68.0374,23.1093,69.5531,50.6014,74.4319,52.103,-1.335,0.826,61.111,0.6159055394570288
-61.8119,-42.7181,-15.3343,71.3223,135.3991,-9.5285,-66.6637,0.2613,116.667,0.1863168908066296
-51.9177,-36.1786,43.6436,98.4006,105.6301,8.671,-79.0153,0.4098,105.556,0.3581263850406301
-51.9545,7.2178,44.1912,107.6695,40.3227,78.0794,-16.2296,0.4207,83.333,0.4552347948437637
-68.4976,-43.2231,4.8311,105.63,115.9615,-17.8525,-13.8655,0.1975,116.667,0.12567461018384476
-49.3467,-20.5103,59.9801,68.8474,50.2721,29.926,-44.3749,0.2516,61.111,0.14753087145760715
-61.8001,10.9249,64.1608,60.8466,51.9138,-26.3243,-67.675,0.785,55.556,0.5373848057639123
-32.5016,20.9896,36.2838,147.0802,30.5239,-32.1749,30.3932,0.4499,105.556,0.3039850392243258
-50.1649,-4.9945,27.3556,88.9447,33.7822,-20.4715,10.3944,0.3971,72.222,0.2987928379087116
-66.5921,21.1903,55.0652,131.5714,180.3229,-23.9973,7.7449,0.4147,161.111,0.3053513074961327
-17.0384,25.4517,66.1097,128.4878,48.5186,13.9524,-47.6708,0.1518,94.444,0.19423039363382594
-17.7905,43.8033,65.3056,96.2677,66.1229,-79.7503,-10.6824,0.7653,83.333,0.5196462954890984
-30.3502,-5.9023,32.5873,85.2124,43.6791,44.6027,58.0587,0.8785,72.222,0.3497886142660386
-65.6953,-38.4472,6.3966,104.3271,65.7578,-4.2574,21.4776,0.4047,94.444,0.29486307353205005
-48.4052,-32.3081,47.9508,99.257,173.5202,-22.1044,30.7037,0.8938,150.0,0.5138019919061418
-33.6858,4.4501,56.326,39.9453,179.4843,1.5056,-60.1488,0.3991,150.0,0.3978536838518888
-56.0792,-26.9131,66.3356,94.2208,43.6716,-8.247,-6.3876,0.7989,72.222,0.5202315764154232
-42.7907,-1.0292,50.6091,55.642,112.6408,-19.3469,26.1069,0.3229,94.444,0.2292119287000283
-55.0625,6.1346,39.032,85.4053,136.3065,-14.3279,15.2038,0.449,116.667,0.25853511499692255
-57.9578,37.5691,60.8085,94.942,141.7703,35.5923,-14.1842,0.7113,138.889,0.44121088150504467
-24.16,1.11,46.5024,126.2659,33.3153,73.0453,73.3138,0.5372,116.667,0.5015161477471516
-52.5954,-23.6586,-6.5882,160.0325,190.0717,-83.1792,44.6774,0.434,183.333,0.35427899514527644
-56.807,-10.2945,45.375,85.2396,110.9507,51.0337,6.9703,0.6438,105.556,0.33759754698599936
16.9012,44.1374,67.2064,122.3808,114.4398,-48.8584,-53.5614,0.1957,116.667,0.1356506730979215
-34.7068,2.7059,34.5743,176.2993,73.9224,46.5728,-60.8987,0.389,150.0,0.3613475464257089
-40.9775,30.8053,47.1896,174.0031,134.8842,5.577,-77.8037,0.5354,161.111,0.387520789696301
-19.8918,-4.6987,18.778,128.9655,79.1154,-60.335,17.7656,0.4957,127.778,0.21998599681886163
-34.8393,-4.1161,57.1638,177.1924,100.1333,-52.9496,15.209,0.7201,150.0,0.4141950172853397
-61.042,-34.4365,10.8768,108.4584,39.0702,60.8234,-46.5285,0.7329,94.444,0.4920153576269206
-40.1148,30.5155,46.1979,93.6074,157.1455,-35.4655,17.6175,0.1967,138.889,0.12079368468644527
-63.9852,22.3503,45.2976,187.3158,90.2303,55.6621,-47.9005,0.2053,150.0,0.20950988366556217
-65.2103,-21.0029,51.5848,86.6923,122.2443,6.9424,-77.3647,0.4664,116.667,0.3635776022048045
-62.174,-38.2548,9.6607,140.8297,99.2525,52.1305,-80.3074,0.5935,127.778,0.4382745302481536
-40.2363,-17.9243,11.0728,139.5362,84.5879,-17.9163,-65.5025,0.7505,105.556,0.3207461893529073
-62.9002,-37.0455,-7.5505,123.0353,155.3351,-74.0666,-22.6185,0.6996,150.0,0.4575844624685764
-19.1214,40.9901,66.4951,65.9185,164.9242,60.2233,-49.6815,0.314,127.778,0.33073629281878586
-65.8348,-9.8794,45.5467,104.9673,189.6267,-68.2103,-24.2824,0.41,161.111,0.33402147939866345
-63.1853,-35.6413,32.4353,44.1933,92.7103,-70.8637,22.6759,0.542,72.222,0.39186507570920825
-55.4942,-13.278,41.4783,117.8306,103.9229,-33.081,12.9655,0.1616,116.667,0.10216448958553616
21.9981,44.5236,69.3725,51.158,188.6821,62.0873,-0.6595,0.2004,138.889,0.36264594693881613
-46.3874,7.5803,51.1037,48.2185,113.6854,4.4209,-26.8664,0.4989,94.444,0.30049973340992414
-26.0115,0.9565,29.3651,55.4181,133.8721,74.6069,-1.9642,0.6257,94.444,0.35684342015781656
-48.8111,-8.9682,10.367,119.1501,142.941,7.3815,40.523,0.4925,150.0,0.21152553864532503
-67.2175,24.4769,60.1294,116.1058,109.0706,-21.4908,-53.2827,0.7439,116.667,0.5278785058157778
-8.8103,19.2685,57.748,166.0026,187.6508,83.4229,-68.8612,0.6529,183.333,0.47784503480516666
-58.8313,-1.8033,19.895,171.7187,98.9383,-11.2283,-47.682,0.5988,150.0,0.32678394126016574
-30.357,-15.2357,68.1959,178.2243,181.5174,-31.1301,-74.5621,0.7409,183.333,0.4799335814204122
-49.9346,-13.3273,25.024,64.4723,192.4994,-15.197,70.0024,0.3287,161.111,0.30655789640726855
8.7923,23.8521,56.2611,65.1361,64.8582,84.8465,-1.6667,0.7228,61.111,0.4424668789344989
-7.3042,9.1303,42.3952,115.803,68.8371,-43.1231,74.1557,0.1508,94.444,0.18413482211730248
-41.9162,6.4232,37.1242,59.3838,33.0052,45.2885,40.6529,0.3992,61.111,0.17692718355301493
-63.0724,16.8949,66.4464,39.7591,90.8787,-55.8762,-22.2289,0.7866,72.222,0.5671708546030394
-12.895,4.0515,37.0794,142.4064,184.5622,-66.9334,39.7188,0.3592,161.111,0.21783954725629678
-65.3362,-42.6787,49.5535,93.0537,134.3009,61.9352,-14.0036,0.5878,116.667,0.4533699743713715
-66.9522,-29.7982,1.2457,97.2473,152.6127,-27.4415,-3.0395,0.2513,138.889,0.12686118746580644
-62.9436,-6.6021,26.0407,41.7269,57.1952,83.1461,-43.9921,0.8313,50.0,0.4849060461169
-52.7318,-19.8218,59.7351,36.4923,51.2159,-32.583,-43.1672,0.2763,50.0,0.1862743716801487
-61.1652,-21.5655,45.009,115.5865,137.9161,25.1869,45.4306,0.6861,127.778,0.4059122128195361
-32.0469,10.1584,27.7332,124.9033,78.224,-1.1987,-75.3438,0.7199,116.667,0.4057196077981161
-50.1027,24.0729,62.5331,192.1559,182.7814,-65.7837,77.2465,0.5192,194.444,0.45694970161043363
-43.1311,-13.6749,13.4108,192.9479,152.4143,54.0013,-79.3404,0.5192,183.333,0.39073723129339766
-37.9876,34.2796,62.2125,41.8705,144.074,-34.907,-82.7942,0.7301,61.111,0.518935908563311
-59.5607,1.7873,47.8759,191.8408,131.0141,-0.185,23.1573,0.481,150.0,0.26036745419301044
-42.8742,-3.3912,18.4694,87.6079,113.3193,72.0735,73.4827,0.4137,105.556,0.2986278119833259
-28.6148,2.8551,50.3512,110.7089,186.6029,45.2988,-49.2081,0.1504,172.222,0.10113640422880228
-33.5766,40.7923,57.8287,60.821,180.2382,-23.8557,-16.4379,0.622,150.0,0.4699320261432628
-68.8789,9.5576,50.4801,142.5736,60.9045,-65.0801,-77.8914,0.3275,105.556,0.3400928304423623
-42.0637,26.4863,55.5373,82.4187,149.5586,19.221,-84.4867,0.8842,105.556,0.47069017087750004
-20.6825,48.1716,65.3919,91.8425,84.1657,-10.7009,-49.3974,0.2926,83.333,0.20709510699171205
-37.3687,-19.2841,59.7152,163.1424,81.5784,14.1124,-63.1699,0.6297,138.889,0.4629321126372505
-50.9312,-25.4089,56.0216,77.5675,42.38,-1.7974,-75.1186,0.4105,61.111,0.4108023185652272
-23.9504,-5.453,11.1097,125.0783,180.2146,7.0521,-26.5846,0.7168,150.0,0.21338015073007727
-26.712,31.2104,60.5299,34.5115,61.1738,15.7001,37.4811,0.4215,50.0,0.23473375267357247
-10.4308,11.0134,28.0902,171.6978,82.0448,-51.8931,-26.6449,0.7063,150.0,0.34842303353635606
-49.2204,-11.7019,26.0635,42.8412,92.4118,39.8201,-0.761,0.842,83.333,0.4068373418180127
4.1418,29.7843,57.0595,171.1643,166.4671,29.2294,67.8776,0.8698,138.889,0.3748557412981259
-63.2713,-24.8174,50.2764,45.1564,136.3515,74.0118,64.1603,0.6308,127.778,0.581116964290747
-0.4942,30.3671,69.6934,95.1621,144.6143,-64.78,10.3804,0.6349,127.778,0.45966250828546995
-61.452,-34.8462,-8.0907,168.178,173.2431,12.4109,22.7799,0.4611,172.222,0.27414951938105864
-33.342,13.4275,46.8586,173.7036,90.405,-41.2935,-58.2538,0.7352,150.0,0.4125689561244638
-18.5638,3.2985,24.2943,142.8624,87.5921,-68.723,32.3594,0.189,127.778,0.14692771878232944
-46.5612,-14.941,55.9215,126.5413,54.3072,-35.7617,-71.0656,0.6018,105.556,0.49423989245180494
-35.1064,1.1418,66.6628,71.1992,193.1348,-45.473,75.8468,0.4522,161.111,0.4411098250898235
-55.2038,-20.7861,48.7237,182.8007,109.6202,36.1047,22.2823,0.6192,161.111,0.4090210532477795
-55.1678,-22.9602,66.2567,55.5407,118.7522,84.474,-18.0954,0.2209,83.333,0.2900541880300679
-64.6055,8.6349,43.3035,190.7932,115.3428,-33.2431,-61.4682,0.6672,172.222,0.42378457023266264
-66.8699,-48.6071,0.0457,46.8925,57.3195,-53.9306,53.7476,0.5393,55.556,0.35414569921771355
-25.7081,17.4246,35.3732,79.0399,112.8504,-19.4367,71.6614,0.3696,105.556,0.23953188074620838
-63.6718,2.1664,37.7227,186.4668,155.2975,-47.8132,10.3799,0.8063,183.333,0.4506554505471799
-65.2292,15.3078,63.2113,77.8205,196.0259,-83.3165,-81.7243,0.4139,172.222,0.5285029510634278
-48.551,-29.1369,-11.4293,61.2358,174.7568,84.2827,-81.5189,0.7172,161.111,0.5313451798932098
-1.7624,19.8632,45.073,88.3516,121.7268,35.798,-38.6364,0.2185,116.667,0.12322341567604898
-30.2862,4.028,23.1003,37.0771,127.6711,-72.0378,-9.9401,0.6736,127.778,0.39542194377050405
-65.3523,-16.5362,25.0707,84.7462,150.2221,-8.7262,16.7156,0.8792,127.778,0.457874008692965
-39.6121,-13.4535,25.6702,118.6207,162.8851,-14.9236,-62.8354,0.634,172.222,0.3003097115743336
2.3984,46.3479,64.5126,78.0558,143.1379,-73.2024,14.3817,0.325,116.667,0.36535814442098125
-63.0395,-30.723,-4.9969,187.2279,179.0894,-24.1504,11.6154,0.6536,194.444,0.33222622333543933
-56.0736,25.5473,44.0877,90.1093,72.1529,29.3228,22.3104,0.4905,94.444,0.2609168762901888
-69.122,-49.2568,-28.6842,88.3119,195.3923,0.8502,-63.0305,0.7926,161.111,0.5638276128412032
-12.8686,22.264,49.7884,119.0958,170.7137,-20.9168,51.2846,0.4995,138.889,0.20024924451126938
-68.7971,-44.5974,10.3113,112.9552,61.4542,-81.3488,3.4955,0.4885,94.444,0.40490253044864755
-63.554,-46.5414,-1.8155,198.7463,84.6151,-17.7736,6.3161,0.3724,161.111,0.30015062226856093
-46.7488,-14.8213,16.2074,177.8049,120.2256,-46.7335,57.9917,0.6223,150.0,0.3207860386488965
-43.4779,-23.149,33.6198,154.2328,123.5821,-6.2342,59.3804,0.2294,138.889,0.16296481679519295
-16.4538,10.9634,52.7618,113.9156,76.1633,-9.954,-28.9275,0.7968,94.444,0.3538782906023012
-33.6672,-2.2459,51.1708,124.7124,182.7088,-13.385,6.4718,0.7684,161.111,0.38015756557190156
-67.184,-51.9929,-18.8128,92.7049,184.662,72.2919,1.6061,0.4009,150.0,0.41914314788506496
-55.7157,1.6921,57.1389,70.4967,176.2281,45.3885,26.4546,0.2848,138.889,0.29155757549430794
-13.0367,2.4421,63.368,158.4573,81.2007,-42.4907,-2.3139,0.7674,138.889,0.409727788972515
-37.782,8.0537,57.9949,176.0794,42.7247,-64.7712,-76.6954,0.6081,172.222,0.5296034668979847
-55.775,-24.614,55.4008,100.7041,90.9203,34.5169,-5.3277,0.273,94.444,0.17605725937879188
-58.8642,29.7589,59.6078,44.4039,84.4508,38.9756,69.455,0.4045,72.222,0.3463157744570102
-47.8008,-21.1048,-1.7337,137.0072,34.7986,25.7527,47.736,0.681,127.778,0.3994297624462537
-66.3245,-48.1444,57.2378,34.948,102.5321,27.9629,17.4142,0.1044,72.222,0.13101283078824053
-34.2185,-14.5215,29.0545,169.0926,160.5432,16.0033,-20.6643,0.613,172.222,0.26813355518470183
-41.9996,27.305,43.6307,184.732,65.2743,12.7002,-32.7298,0.2931,138.889,0.3033008123752744
-55.0232,-10.0609,49.8617,189.1768,153.8474,-18.3207,6.4847,0.6311,183.333,0.34848233032857456
-16.9208,11.6723,58.3755,80.2834,98.1635,57.9155,74.2456,0.1103,105.556,0.08664756459556995
0.2184,41.5445,64.7923,82.8773,133.7114,83.5708,9.89,0.5925,116.667,0.45903651003264817
2.6053,46.6492,65.0928,157.1261,33.3093,-5.9647,-7.9357,0.5628,116.667,0.4898831199305112
